streetname,from_st,to_st
20TH AVE,LINCOLN WAY,IRVING ST
20TH AVE,IRVING ST,JUDAH ST
20TH AVE,JUDAH ST,KIRKHAM ST
20TH AVE,KIRKHAM ST,LAWTON ST
20TH AVE,LAWTON ST,MORAGA ST
20TH AVE,MORAGA ST,NORIEGA ST
21ST AVE,LINCOLN WAY,IRVING ST
21ST AVE,IRVING ST,JUDAH ST
21ST AVE,JUDAH ST,KIRKHAM ST
21ST AVE,KIRKHAM ST,LAWTON ST
21ST AVE,LAWTON ST,MORAGA ST
21ST AVE,MORAGA ST,NORIEGA ST
IRVING ST,20TH AVE,Intersection
IRVING ST,21ST AVE,Intersection
JUDAH ST,20TH AVE,Intersection
JUDAH ST,21ST AVE,Intersection
KIRKHAM ST,20TH AVE,Intersection
KIRKHAM ST,21ST AVE,Intersection
KIRKHAM ST,22ND AVE,Intersection
KIRKHAM ST,23RD AVE,Intersection
KIRKHAM ST,24TH AVE,Intersection
KIRKHAM ST,25TH AVE,Intersection
KIRKHAM ST,26TH AVE,Intersection
KIRKHAM ST,27TH AVE,Intersection
KIRKHAM ST,28TH AVE,Intersection
KIRKHAM ST,20TH AVE,21ST AVE
KIRKHAM ST,21ST AVE,22ND AVE
KIRKHAM ST,22ND AVE,23RD AVE
KIRKHAM ST,23RD AVE,24TH AVE
KIRKHAM ST,24TH AVE,25TH AVE
KIRKHAM ST,25TH AVE,26TH AVE
KIRKHAM ST,26TH AVE,27TH AVE
KIRKHAM ST,27TH AVE,28TH AVE
KIRKHAM ST,28TH AVE,29TH AVE
LAWTON ST,19TH AVE,Intersection
LAWTON ST,20TH AVE,Intersection
LAWTON ST,21ST AVE,Intersection
LAWTON ST,18TH AVE,19TH AVE
LAWTON ST,19TH AVE,20TH AVE
MORAGA ST,20TH AVE,Intersection
MORAGA ST,21ST AVE,Intersection
QUINTARA ST,20TH AVE,21ST AVE
QUINTARA ST,21ST AVE,22ND AVE
QUINTARA ST,22ND AVE,23RD AVE
QUINTARA ST,23RD AVE,24TH AVE
QUINTARA ST,24TH AVE,25TH AVE
QUINTARA ST,25TH AVE,26TH AVE
QUINTARA ST,26TH AVE,27TH AVE
QUINTARA ST,27TH AVE,28TH AVE
QUINTARA ST,28TH AVE,29TH AVE
QUINTARA ST,20TH AVE,Intersection
QUINTARA ST,22ND AVE,Intersection
QUINTARA ST,21ST AVE,Intersection
QUINTARA ST,24TH AVE,Intersection
QUINTARA ST,23RD AVE,Intersection
QUINTARA ST,25TH AVE,Intersection
QUINTARA ST,26TH AVE,Intersection
QUINTARA ST,27TH AVE,Intersection
QUINTARA ST,28TH AVE,Intersection
20TH AVE,QUINTARA ST,RIVERA ST
20TH AVE,RIVERA ST,SANTIAGO ST
20TH AVE,SANTIAGO ST,TARAVAL ST
RIVERA ST,20TH AVE,Intersection
SANTIAGO ST,20TH AVE,Intersection
21ST AVE,IRVING ST,JUDAH ST
21ST AVE,JUDAH ST,KIRKHAM ST
21ST AVE,KIRKHAM ST,LAWTON ST
21ST AVE,LAWTON ST,MORAGA ST
21ST AVE,MORAGA ST,NORIEGA ST
21ST AVE,NORIEGA ST,ORTEGA ST
21ST AVE,ORTEGA ST,PACHECO ST
21ST AVE,PACHECO ST,QUINTARA ST
21ST AVE,QUINTARA ST,RIVERA ST
21ST AVE,RIVERA ST,SANTIAGO ST
21ST AVE,SANTIAGO ST,TARAVAL ST
JUDAH ST,21ST AVE,Intersection
KIRKHAM ST,20TH AVE,Intersection
KIRKHAM ST,21ST AVE,Intersection
KIRKHAM ST,22ND AVE,Intersection
KIRKHAM ST,23RD AVE,Intersection
KIRKHAM ST,24TH AVE,Intersection
KIRKHAM ST,25TH AVE,Intersection
KIRKHAM ST,26TH AVE,Intersection
KIRKHAM ST,27TH AVE,Intersection
KIRKHAM ST,28TH AVE,Intersection
KIRKHAM ST,20TH AVE,21ST AVE
KIRKHAM ST,21ST AVE,22ND AVE
KIRKHAM ST,22ND AVE,23RD AVE
KIRKHAM ST,23RD AVE,24TH AVE
KIRKHAM ST,24TH AVE,25TH AVE
KIRKHAM ST,25TH AVE,26TH AVE
KIRKHAM ST,26TH AVE,27TH AVE
KIRKHAM ST,27TH AVE,28TH AVE
KIRKHAM ST,28TH AVE,29TH AVE
LAWTON ST,19TH AVE,Intersection
LAWTON ST,20TH AVE,Intersection
LAWTON ST,21ST AVE,Intersection
LAWTON ST,18TH AVE,19TH AVE
LAWTON ST,19TH AVE,20TH AVE
MORAGA ST,21ST AVE,Intersection
NORIEGA ST,21ST AVE,Intersection
ORTEGA ST,21ST AVE,Intersection
PACHECO ST,21ST AVE,Intersection
QUINTARA ST,19TH AVE,20TH AVE
QUINTARA ST,20TH AVE,21ST AVE
QUINTARA ST,21ST AVE,22ND AVE
QUINTARA ST,22ND AVE,23RD AVE
QUINTARA ST,23RD AVE,24TH AVE
QUINTARA ST,24TH AVE,25TH AVE
QUINTARA ST,25TH AVE,26TH AVE
QUINTARA ST,26TH AVE,27TH AVE
QUINTARA ST,27TH AVE,28TH AVE
QUINTARA ST,20TH AVE,Intersection
QUINTARA ST,22ND AVE,Intersection
QUINTARA ST,21ST AVE,Intersection
QUINTARA ST,24TH AVE,Intersection
QUINTARA ST,23RD AVE,Intersection
QUINTARA ST,25TH AVE,Intersection
QUINTARA ST,26TH AVE,Intersection
QUINTARA ST,27TH AVE,Intersection
QUINTARA ST,28TH AVE,Intersection
RIVERA ST,21ST AVE,Intersection
SANTIAGO ST,21ST AVE,Intersection
20TH AVE,LINCOLN WAY,IRVING ST
20TH AVE,IRVING ST,JUDAH ST
20TH AVE,JUDAH ST,KIRKHAM ST
20TH AVE,KIRKHAM ST,LAWTON ST
20TH AVE,LAWTON ST,MORAGA ST
20TH AVE,MORAGA ST,NORIEGA ST
20TH AVE,NORIEGA ST,ORTEGA ST
20TH AVE,ORTEGA ST,PACHECO ST
20TH AVE,PACHECO ST,QUINTARA ST
20TH AVE,QUINTARA ST,RIVERA ST
20TH AVE,RIVERA ST,SANTIAGO ST
21ST AVE,LINCOLN WAY,IRVING ST
21ST AVE,IRVING ST,JUDAH ST
21ST AVE,JUDAH ST,KIRKHAM ST
21ST AVE,KIRKHAM ST,LAWTON ST
21ST AVE,LAWTON ST,MORAGA ST
21ST AVE,MORAGA ST,NORIEGA ST
21ST AVE,NORIEGA ST,ORTEGA ST
21ST AVE,ORTEGA ST,PACHECO ST
21ST AVE,PACHECO ST,QUINTARA ST
21ST AVE,QUINTARA ST,RIVERA ST
21ST AVE,RIVERA ST,SANTIAGO ST
21ST AVE,SANTIAGO ST,TARAVAL ST
IRVING ST,20TH AVE,Intersection
IRVING ST,21ST AVE,Intersection
JUDAH ST,20TH AVE,Intersection
JUDAH ST,21ST AVE,Intersection
KIRKHAM ST,20TH AVE,Intersection
KIRKHAM ST,21ST AVE,Intersection
KIRKHAM ST,22ND AVE,Intersection
KIRKHAM ST,23RD AVE,Intersection
KIRKHAM ST,24TH AVE,Intersection
KIRKHAM ST,25TH AVE,Intersection
KIRKHAM ST,26TH AVE,Intersection
KIRKHAM ST,27TH AVE,Intersection
KIRKHAM ST,28TH AVE,Intersection
KIRKHAM ST,20TH AVE,21ST AVE
KIRKHAM ST,21ST AVE,22ND AVE
KIRKHAM ST,22ND AVE,23RD AVE
KIRKHAM ST,23RD AVE,24TH AVE
KIRKHAM ST,24TH AVE,25TH AVE
KIRKHAM ST,25TH AVE,26TH AVE
KIRKHAM ST,26TH AVE,27TH AVE
KIRKHAM ST,27TH AVE,28TH AVE
KIRKHAM ST,28TH AVE,29TH AVE
LAWTON ST,19TH AVE,Intersection
LAWTON ST,20TH AVE,Intersection
LAWTON ST,21ST AVE,Intersection
LAWTON ST,18TH AVE,19TH AVE
LAWTON ST,19TH AVE,20TH AVE
MORAGA ST,20TH AVE,Intersection
MORAGA ST,21ST AVE,Intersection
NORIEGA ST,20TH AVE,Intersection
NORIEGA ST,21ST AVE,Intersection
ORTEGA ST,20TH AVE,Intersection
ORTEGA ST,21ST AVE,Intersection
PACHECO ST,20TH AVE,Intersection
PACHECO ST,21ST AVE,Intersection
QUINTARA ST,20TH AVE,21ST AVE
QUINTARA ST,21ST AVE,22ND AVE
QUINTARA ST,22ND AVE,23RD AVE
QUINTARA ST,23RD AVE,24TH AVE
QUINTARA ST,24TH AVE,25TH AVE
QUINTARA ST,25TH AVE,26TH AVE
QUINTARA ST,26TH AVE,27TH AVE
QUINTARA ST,27TH AVE,28TH AVE
QUINTARA ST,28TH AVE,29TH AVE
QUINTARA ST,20TH AVE,Intersection
QUINTARA ST,22ND AVE,Intersection
QUINTARA ST,21ST AVE,Intersection
QUINTARA ST,24TH AVE,Intersection
QUINTARA ST,23RD AVE,Intersection
QUINTARA ST,25TH AVE,Intersection
QUINTARA ST,26TH AVE,Intersection
QUINTARA ST,27TH AVE,Intersection
QUINTARA ST,28TH AVE,Intersection
RIVERA ST,20TH AVE,Intersection
RIVERA ST,21ST AVE,Intersection
SANTIAGO ST,20TH AVE,Intersection
SANTIAGO ST,21ST AVE,Intersection
21ST AVE,LINCOLN WAY,IRVING ST
21ST AVE,IRVING ST,JUDAH ST
21ST AVE,JUDAH ST,KIRKHAM ST
21ST AVE,KIRKHAM ST,LAWTON ST
21ST AVE,LAWTON ST,MORAGA ST
21ST AVE,MORAGA ST,NORIEGA ST
21ST AVE,NORIEGA ST,ORTEGA ST
21ST AVE,ORTEGA ST,PACHECO ST
21ST AVE,PACHECO ST,QUINTARA ST
21ST AVE,QUINTARA ST,RIVERA ST
21ST AVE,RIVERA ST,SANTIAGO ST
21ST AVE,SANTIAGO ST,TARAVAL ST
IRVING ST,21ST AVE,Intersection
JUDAH ST,21ST AVE,Intersection
KIRKHAM ST,21ST AVE,Intersection
LAWTON ST,21ST AVE,Intersection
MORAGA ST,21ST AVE,Intersection
NORIEGA ST,21ST AVE,Intersection
ORTEGA ST,21ST AVE,Intersection
PACHECO ST,21ST AVE,Intersection
QUINTARA ST,21ST AVE,Intersection
RIVERA ST,21ST AVE,Intersection
SANTIAGO ST,21ST AVE,Intersection
KIRKHAM ST,19TH AVE,20TH AVE
KIRKHAM ST,20TH AVE,Intersection
20TH AVE,LINCOLN WAY,IRVING ST
20TH AVE,IRVING ST,JUDAH ST
20TH AVE,JUDAH ST,KIRKHAM ST
20TH AVE,KIRKHAM ST,LAWTON ST
20TH AVE,LAWTON ST,MORAGA ST
20TH AVE,MORAGA ST,NORIEGA ST
20TH AVE,NORIEGA ST,ORTEGA ST
20TH AVE,ORTEGA ST,PACHECO ST
20TH AVE,PACHECO ST,QUINTARA ST
20TH AVE,QUINTARA ST,RIVERA ST
20TH AVE,RIVERA ST,SANTIAGO ST
20TH AVE,SANTIAGO ST,TARAVAL ST
21ST AVE,LINCOLN WAY,IRVING ST
21ST AVE,IRVING ST,JUDAH ST
21ST AVE,JUDAH ST,KIRKHAM ST
21ST AVE,KIRKHAM ST,LAWTON ST
21ST AVE,LAWTON ST,MORAGA ST
21ST AVE,MORAGA ST,NORIEGA ST
21ST AVE,NORIEGA ST,ORTEGA ST
21ST AVE,ORTEGA ST,PACHECO ST
21ST AVE,PACHECO ST,QUINTARA ST
21ST AVE,QUINTARA ST,RIVERA ST
21ST AVE,RIVERA ST,SANTIAGO ST
21ST AVE,SANTIAGO ST,TARAVAL ST
IRVING ST,20TH AVE,Intersection
IRVING ST,21ST AVE,Intersection
JUDAH ST,20TH AVE,Intersection
JUDAH ST,21ST AVE,Intersection
KIRKHAM ST,20TH AVE,Intersection
KIRKHAM ST,21ST AVE,Intersection
LAWTON ST,20TH AVE,Intersection
LAWTON ST,21ST AVE,Intersection
MORAGA ST,20TH AVE,Intersection
MORAGA ST,21ST AVE,Intersection
NORIEGA ST,20TH AVE,Intersection
NORIEGA ST,21ST AVE,Intersection
ORTEGA ST,20TH AVE,Intersection
ORTEGA ST,21ST AVE,Intersection
PACHECO ST,20TH AVE,Intersection
PACHECO ST,21ST AVE,Intersection
QUINTARA ST,20TH AVE,Intersection
QUINTARA ST,21ST AVE,Intersection
RIVERA ST,20TH AVE,Intersection
RIVERA ST,21ST AVE,Intersection
SANTIAGO ST,20TH AVE,Intersection
SANTIAGO ST,21ST AVE,Intersection
19TH AVE,KIRKHAM ST,LAWTON ST
KIRKHAM ST,19TH AVE,20TH AVE
22ND AVE,LINCOLN WAY,IRVING ST
22ND AVE,IRVING ST,JUDAH ST
22ND AVE,JUDAH ST,KIRKHAM ST
22ND AVE,KIRKHAM ST,LAWTON ST
22ND AVE,LAWTON ST,MORAGA ST
22ND AVE,MORAGA ST,NORIEGA ST
22ND AVE,NORIEGA ST,ORTEGA ST
22ND AVE,ORTEGA ST,PACHECO ST
22ND AVE,PACHECO ST,QUINTARA ST
22ND AVE,QUINTARA ST,RIVERA ST
22ND AVE,RIVERA ST,SANTIAGO ST
22ND AVE,SANTIAGO ST,TARAVAL ST
23RD AVE,LINCOLN WAY,IRVING ST
23RD AVE,IRVING ST,JUDAH ST
23RD AVE,JUDAH ST,KIRKHAM ST
23RD AVE,KIRKHAM ST,LAWTON ST
23RD AVE,LAWTON ST,MORAGA ST
23RD AVE,MORAGA ST,NORIEGA ST
23RD AVE,NORIEGA ST,ORTEGA ST
23RD AVE,ORTEGA ST,PACHECO ST
23RD AVE,PACHECO ST,QUINTARA ST
24TH AVE,LINCOLN WAY,IRVING ST
24TH AVE,IRVING ST,JUDAH ST
24TH AVE,JUDAH ST,KIRKHAM ST
24TH AVE,KIRKHAM ST,LAWTON ST
24TH AVE,LAWTON ST,MORAGA ST
24TH AVE,MORAGA ST,NORIEGA ST
24TH AVE,NORIEGA ST,ORTEGA ST
24TH AVE,ORTEGA ST,PACHECO ST
24TH AVE,PACHECO ST,QUINTARA ST
24TH AVE,QUINTARA ST,RIVERA ST
24TH AVE,RIVERA ST,SANTIAGO ST
24TH AVE,SANTIAGO ST,TARAVAL ST
25TH AVE,LINCOLN WAY,IRVING ST
25TH AVE,IRVING ST,JUDAH ST
25TH AVE,JUDAH ST,KIRKHAM ST
25TH AVE,KIRKHAM ST,LAWTON ST
25TH AVE,LAWTON ST,MORAGA ST
25TH AVE,MORAGA ST,NORIEGA ST
25TH AVE,NORIEGA ST,ORTEGA ST
26TH AVE,LINCOLN WAY,IRVING ST
26TH AVE,IRVING ST,JUDAH ST
26TH AVE,JUDAH ST,KIRKHAM ST
26TH AVE,KIRKHAM ST,LAWTON ST
26TH AVE,LAWTON ST,MORAGA ST
26TH AVE,MORAGA ST,NORIEGA ST
26TH AVE,NORIEGA ST,ORTEGA ST
27TH AVE,IRVING ST,JUDAH ST
27TH AVE,JUDAH ST,KIRKHAM ST
27TH AVE,KIRKHAM ST,LAWTON ST
27TH AVE,LAWTON ST,MORAGA ST
27TH AVE,MORAGA ST,NORIEGA ST
27TH AVE,NORIEGA ST,ORTEGA ST
28TH AVE,IRVING ST,JUDAH ST
28TH AVE,JUDAH ST,KIRKHAM ST
28TH AVE,KIRKHAM ST,LAWTON ST
28TH AVE,LAWTON ST,MORAGA ST
28TH AVE,MORAGA ST,NORIEGA ST
28TH AVE,NORIEGA ST,ORTEGA ST
28TH AVE,ORTEGA ST,PACHECO ST
28TH AVE,PACHECO ST,QUINTARA ST
28TH AVE,QUINTARA ST,RIVERA ST
28TH AVE,RIVERA ST,SANTIAGO ST
28TH AVE,SANTIAGO ST,TARAVAL ST
IRVING ST,22ND AVE,Intersection
IRVING ST,23RD AVE,Intersection
IRVING ST,24TH AVE,Intersection
IRVING ST,25TH AVE,Intersection
IRVING ST,26TH AVE,Intersection
IRVING ST,27TH AVE,Intersection
IRVING ST,28TH AVE,Intersection
JUDAH ST,22ND AVE,Intersection
JUDAH ST,23RD AVE,Intersection
JUDAH ST,24TH AVE,Intersection
JUDAH ST,25TH AVE,Intersection
JUDAH ST,26TH AVE,Intersection
JUDAH ST,27TH AVE,Intersection
JUDAH ST,28TH AVE,Intersection
KIRKHAM ST,22ND AVE,Intersection
KIRKHAM ST,23RD AVE,Intersection
KIRKHAM ST,24TH AVE,Intersection
KIRKHAM ST,25TH AVE,Intersection
KIRKHAM ST,26TH AVE,Intersection
KIRKHAM ST,27TH AVE,Intersection
KIRKHAM ST,28TH AVE,Intersection
LAWTON ST,22ND AVE,Intersection
LAWTON ST,23RD AVE,Intersection
LAWTON ST,24TH AVE,Intersection
LAWTON ST,25TH AVE,Intersection
LAWTON ST,26TH AVE,Intersection
LAWTON ST,27TH AVE,Intersection
LAWTON ST,28TH AVE,Intersection
MORAGA ST,22ND AVE,Intersection
MORAGA ST,23RD AVE,Intersection
MORAGA ST,24TH AVE,Intersection
MORAGA ST,25TH AVE,Intersection
MORAGA ST,26TH AVE,Intersection
MORAGA ST,27TH AVE,Intersection
MORAGA ST,28TH AVE,Intersection
NORIEGA ST,22ND AVE,Intersection
NORIEGA ST,23RD AVE,Intersection
NORIEGA ST,24TH AVE,Intersection
NORIEGA ST,25TH AVE,Intersection
NORIEGA ST,26TH AVE,Intersection
NORIEGA ST,27TH AVE,Intersection
NORIEGA ST,28TH AVE,Intersection
ORTEGA ST,22ND AVE,Intersection
ORTEGA ST,23RD AVE,Intersection
ORTEGA ST,24TH AVE,Intersection
ORTEGA ST,25TH AVE,Intersection
ORTEGA ST,26TH AVE,Intersection
ORTEGA ST,27TH AVE,Intersection
ORTEGA ST,28TH AVE,Intersection
PACHECO ST,22ND AVE,Intersection
PACHECO ST,23RD AVE,Intersection
PACHECO ST,24TH AVE,Intersection
PACHECO ST,28TH AVE,Intersection
QUINTARA ST,22ND AVE,Intersection
QUINTARA ST,24TH AVE,Intersection
QUINTARA ST,23RD AVE,Intersection
QUINTARA ST,28TH AVE,Intersection
RIVERA ST,22ND AVE,Intersection
RIVERA ST,24TH AVE,Intersection
RIVERA ST,28TH AVE,Intersection
SANTIAGO ST,22ND AVE,Intersection
SANTIAGO ST,24TH AVE,Intersection
SANTIAGO ST,28TH AVE,Intersection
22ND AVE,LINCOLN WAY,IRVING ST
22ND AVE,IRVING ST,JUDAH ST
22ND AVE,JUDAH ST,KIRKHAM ST
22ND AVE,KIRKHAM ST,LAWTON ST
22ND AVE,LAWTON ST,MORAGA ST
22ND AVE,MORAGA ST,NORIEGA ST
22ND AVE,NORIEGA ST,ORTEGA ST
22ND AVE,ORTEGA ST,PACHECO ST
22ND AVE,PACHECO ST,QUINTARA ST
22ND AVE,QUINTARA ST,RIVERA ST
22ND AVE,RIVERA ST,SANTIAGO ST
22ND AVE,SANTIAGO ST,TARAVAL ST
23RD AVE,LINCOLN WAY,IRVING ST
23RD AVE,IRVING ST,JUDAH ST
23RD AVE,JUDAH ST,KIRKHAM ST
23RD AVE,KIRKHAM ST,LAWTON ST
23RD AVE,LAWTON ST,MORAGA ST
23RD AVE,MORAGA ST,NORIEGA ST
23RD AVE,NORIEGA ST,ORTEGA ST
23RD AVE,ORTEGA ST,PACHECO ST
23RD AVE,PACHECO ST,QUINTARA ST
IRVING ST,22ND AVE,Intersection
IRVING ST,23RD AVE,Intersection
JUDAH ST,22ND AVE,Intersection
JUDAH ST,23RD AVE,Intersection
KIRKHAM ST,22ND AVE,Intersection
KIRKHAM ST,23RD AVE,Intersection
LAWTON ST,22ND AVE,Intersection
LAWTON ST,23RD AVE,Intersection
MORAGA ST,22ND AVE,Intersection
MORAGA ST,23RD AVE,Intersection
NORIEGA ST,22ND AVE,Intersection
NORIEGA ST,23RD AVE,Intersection
ORTEGA ST,22ND AVE,Intersection
ORTEGA ST,23RD AVE,Intersection
PACHECO ST,22ND AVE,Intersection
PACHECO ST,23RD AVE,Intersection
QUINTARA ST,22ND AVE,Intersection
QUINTARA ST,23RD AVE,Intersection
RIVERA ST,22ND AVE,Intersection
SANTIAGO ST,22ND AVE,Intersection
24TH AVE,LINCOLN WAY,IRVING ST
24TH AVE,IRVING ST,JUDAH ST
24TH AVE,JUDAH ST,KIRKHAM ST
24TH AVE,KIRKHAM ST,LAWTON ST
24TH AVE,LAWTON ST,MORAGA ST
24TH AVE,MORAGA ST,NORIEGA ST
24TH AVE,NORIEGA ST,ORTEGA ST
24TH AVE,ORTEGA ST,PACHECO ST
24TH AVE,PACHECO ST,QUINTARA ST
24TH AVE,QUINTARA ST,RIVERA ST
24TH AVE,RIVERA ST,SANTIAGO ST
24TH AVE,SANTIAGO ST,TARAVAL ST
25TH AVE,LINCOLN WAY,IRVING ST
25TH AVE,IRVING ST,JUDAH ST
25TH AVE,JUDAH ST,KIRKHAM ST
25TH AVE,KIRKHAM ST,LAWTON ST
25TH AVE,LAWTON ST,MORAGA ST
25TH AVE,MORAGA ST,NORIEGA ST
25TH AVE,NORIEGA ST,ORTEGA ST
25TH AVE,QUINTARA ST,RIVERA ST
25TH AVE,RIVERA ST,SANTIAGO ST
25TH AVE,SANTIAGO ST,TARAVAL ST
IRVING ST,24TH AVE,Intersection
IRVING ST,25TH AVE,Intersection
JUDAH ST,24TH AVE,Intersection
JUDAH ST,25TH AVE,Intersection
KIRKHAM ST,24TH AVE,Intersection
KIRKHAM ST,25TH AVE,Intersection
LAWTON ST,24TH AVE,Intersection
LAWTON ST,25TH AVE,Intersection
MORAGA ST,24TH AVE,Intersection
MORAGA ST,25TH AVE,Intersection
NORIEGA ST,24TH AVE,Intersection
NORIEGA ST,25TH AVE,Intersection
ORTEGA ST,24TH AVE,Intersection
ORTEGA ST,25TH AVE,Intersection
PACHECO ST,24TH AVE,Intersection
QUINTARA ST,24TH AVE,Intersection
QUINTARA ST,25TH AVE,Intersection
RIVERA ST,24TH AVE,Intersection
RIVERA ST,25TH AVE,Intersection
SANTIAGO ST,24TH AVE,Intersection
SANTIAGO ST,25TH AVE,Intersection
09TH AVE,CLEMENT ST,GEARY BLVD
CLEMENT ST,09TH AVE,Intersection
GEARY BLVD,08TH AVE,09TH AVE
26TH AVE,IRVING ST,JUDAH ST
26TH AVE,JUDAH ST,KIRKHAM ST
26TH AVE,KIRKHAM ST,LAWTON ST
26TH AVE,LAWTON ST,MORAGA ST
26TH AVE,MORAGA ST,NORIEGA ST
26TH AVE,NORIEGA ST,ORTEGA ST
26TH AVE,QUINTARA ST,RIVERA ST
26TH AVE,RIVERA ST,SANTIAGO ST
26TH AVE,SANTIAGO ST,TARAVAL ST
27TH AVE,LINCOLN WAY,IRVING ST
27TH AVE,IRVING ST,JUDAH ST
27TH AVE,JUDAH ST,KIRKHAM ST
27TH AVE,KIRKHAM ST,LAWTON ST
27TH AVE,LAWTON ST,MORAGA ST
27TH AVE,MORAGA ST,NORIEGA ST
27TH AVE,NORIEGA ST,ORTEGA ST
27TH AVE,QUINTARA ST,RIVERA ST
27TH AVE,RIVERA ST,SANTIAGO ST
27TH AVE,SANTIAGO ST,TARAVAL ST
IRVING ST,27TH AVE,Intersection
JUDAH ST,26TH AVE,Intersection
JUDAH ST,27TH AVE,Intersection
KIRKHAM ST,26TH AVE,Intersection
KIRKHAM ST,27TH AVE,Intersection
LAWTON ST,26TH AVE,Intersection
LAWTON ST,27TH AVE,Intersection
MORAGA ST,26TH AVE,Intersection
MORAGA ST,27TH AVE,Intersection
NORIEGA ST,26TH AVE,Intersection
NORIEGA ST,27TH AVE,Intersection
ORTEGA ST,26TH AVE,Intersection
ORTEGA ST,27TH AVE,Intersection
QUINTARA ST,26TH AVE,Intersection
QUINTARA ST,27TH AVE,Intersection
RIVERA ST,26TH AVE,Intersection
RIVERA ST,27TH AVE,Intersection
SANTIAGO ST,26TH AVE,Intersection
SANTIAGO ST,27TH AVE,Intersection
09TH AVE,CLEMENT ST,GEARY BLVD
19TH AVE,KIRKHAM ST,LAWTON ST
KIRKHAM ST,19TH AVE,Intersection
22ND AVE,IRVING ST,JUDAH ST
22ND AVE,JUDAH ST,KIRKHAM ST
22ND AVE,KIRKHAM ST,LAWTON ST
22ND AVE,LAWTON ST,MORAGA ST
22ND AVE,MORAGA ST,NORIEGA ST
22ND AVE,NORIEGA ST,ORTEGA ST
22ND AVE,ORTEGA ST,PACHECO ST
22ND AVE,PACHECO ST,QUINTARA ST
22ND AVE,QUINTARA ST,RIVERA ST
22ND AVE,RIVERA ST,SANTIAGO ST
22ND AVE,SANTIAGO ST,TARAVAL ST
JUDAH ST,22ND AVE,Intersection
KIRKHAM ST,22ND AVE,Intersection
LAWTON ST,22ND AVE,Intersection
MORAGA ST,22ND AVE,Intersection
NORIEGA ST,22ND AVE,Intersection
ORTEGA ST,22ND AVE,Intersection
PACHECO ST,22ND AVE,Intersection
QUINTARA ST,22ND AVE,Intersection
RIVERA ST,22ND AVE,Intersection
SANTIAGO ST,22ND AVE,Intersection
23RD AVE,LINCOLN WAY,IRVING ST
23RD AVE,IRVING ST,JUDAH ST
23RD AVE,JUDAH ST,KIRKHAM ST
23RD AVE,KIRKHAM ST,LAWTON ST
23RD AVE,LAWTON ST,MORAGA ST
23RD AVE,MORAGA ST,NORIEGA ST
23RD AVE,NORIEGA ST,ORTEGA ST
23RD AVE,ORTEGA ST,PACHECO ST
23RD AVE,PACHECO ST,QUINTARA ST
IRVING ST,23RD AVE,Intersection
JUDAH ST,23RD AVE,Intersection
KIRKHAM ST,23RD AVE,Intersection
LAWTON ST,23RD AVE,Intersection
MORAGA ST,23RD AVE,Intersection
NORIEGA ST,23RD AVE,Intersection
ORTEGA ST,23RD AVE,Intersection
PACHECO ST,23RD AVE,Intersection
QUINTARA ST,23RD AVE,Intersection
25TH AVE,LINCOLN WAY,IRVING ST
25TH AVE,IRVING ST,JUDAH ST
25TH AVE,JUDAH ST,KIRKHAM ST
25TH AVE,KIRKHAM ST,LAWTON ST
25TH AVE,LAWTON ST,MORAGA ST
25TH AVE,MORAGA ST,NORIEGA ST
25TH AVE,NORIEGA ST,ORTEGA ST
25TH AVE,QUINTARA ST,RIVERA ST
25TH AVE,RIVERA ST,SANTIAGO ST
25TH AVE,SANTIAGO ST,TARAVAL ST
26TH AVE,LINCOLN WAY,IRVING ST
26TH AVE,IRVING ST,JUDAH ST
26TH AVE,JUDAH ST,KIRKHAM ST
26TH AVE,KIRKHAM ST,LAWTON ST
26TH AVE,LAWTON ST,MORAGA ST
26TH AVE,MORAGA ST,NORIEGA ST
26TH AVE,NORIEGA ST,ORTEGA ST
26TH AVE,QUINTARA ST,RIVERA ST
26TH AVE,RIVERA ST,SANTIAGO ST
26TH AVE,SANTIAGO ST,TARAVAL ST
IRVING ST,25TH AVE,Intersection
IRVING ST,26TH AVE,Intersection
JUDAH ST,25TH AVE,Intersection
JUDAH ST,26TH AVE,Intersection
KIRKHAM ST,25TH AVE,Intersection
KIRKHAM ST,26TH AVE,Intersection
LAWTON ST,25TH AVE,Intersection
LAWTON ST,26TH AVE,Intersection
MORAGA ST,25TH AVE,Intersection
MORAGA ST,26TH AVE,Intersection
NORIEGA ST,25TH AVE,Intersection
NORIEGA ST,26TH AVE,Intersection
ORTEGA ST,25TH AVE,Intersection
ORTEGA ST,26TH AVE,Intersection
QUINTARA ST,25TH AVE,Intersection
QUINTARA ST,26TH AVE,Intersection
RIVERA ST,26TH AVE,Intersection
RIVERA ST,25TH AVE,Intersection
SANTIAGO ST,25TH AVE,Intersection
SANTIAGO ST,26TH AVE,Intersection
27TH AVE,LINCOLN WAY,IRVING ST
27TH AVE,IRVING ST,JUDAH ST
27TH AVE,JUDAH ST,KIRKHAM ST
27TH AVE,KIRKHAM ST,LAWTON ST
27TH AVE,LAWTON ST,MORAGA ST
27TH AVE,MORAGA ST,NORIEGA ST
27TH AVE,NORIEGA ST,ORTEGA ST
27TH AVE,QUINTARA ST,RIVERA ST
27TH AVE,RIVERA ST,SANTIAGO ST
27TH AVE,SANTIAGO ST,TARAVAL ST
28TH AVE,LINCOLN WAY,IRVING ST
28TH AVE,IRVING ST,JUDAH ST
28TH AVE,JUDAH ST,KIRKHAM ST
28TH AVE,KIRKHAM ST,LAWTON ST
28TH AVE,LAWTON ST,MORAGA ST
28TH AVE,MORAGA ST,NORIEGA ST
28TH AVE,NORIEGA ST,ORTEGA ST
28TH AVE,ORTEGA ST,PACHECO ST
28TH AVE,PACHECO ST,QUINTARA ST
28TH AVE,QUINTARA ST,RIVERA ST
28TH AVE,RIVERA ST,SANTIAGO ST
28TH AVE,SANTIAGO ST,TARAVAL ST
IRVING ST,27TH AVE,Intersection
IRVING ST,28TH AVE,Intersection
JUDAH ST,27TH AVE,Intersection
JUDAH ST,28TH AVE,Intersection
KIRKHAM ST,27TH AVE,Intersection
KIRKHAM ST,28TH AVE,Intersection
LAWTON ST,27TH AVE,Intersection
LAWTON ST,28TH AVE,Intersection
MORAGA ST,27TH AVE,Intersection
MORAGA ST,28TH AVE,Intersection
NORIEGA ST,27TH AVE,Intersection
NORIEGA ST,28TH AVE,Intersection
ORTEGA ST,27TH AVE,Intersection
ORTEGA ST,28TH AVE,Intersection
PACHECO ST,28TH AVE,Intersection
QUINTARA ST,27TH AVE,Intersection
QUINTARA ST,28TH AVE,Intersection
RIVERA ST,27TH AVE,Intersection
RIVERA ST,28TH AVE,Intersection
SANTIAGO ST,27TH AVE,Intersection
SANTIAGO ST,28TH AVE,Intersection
29TH AVE,IRVING ST,JUDAH ST
29TH AVE,JUDAH ST,KIRKHAM ST
29TH AVE,KIRKHAM ST,LAWTON ST
29TH AVE,LAWTON ST,MORAGA ST
29TH AVE,MORAGA ST,NORIEGA ST
29TH AVE,NORIEGA ST,ORTEGA ST
29TH AVE,ORTEGA ST,PACHECO ST
29TH AVE,PACHECO ST,QUINTARA ST
29TH AVE,QUINTARA ST,RIVERA ST
29TH AVE,RIVERA ST,SANTIAGO ST
29TH AVE,SANTIAGO ST,TARAVAL ST
30TH AVE,IRVING ST,JUDAH ST
30TH AVE,JUDAH ST,KIRKHAM ST
30TH AVE,KIRKHAM ST,LAWTON ST
30TH AVE,LAWTON ST,MORAGA ST
30TH AVE,MORAGA ST,NORIEGA ST
30TH AVE,NORIEGA ST,ORTEGA ST
30TH AVE,ORTEGA ST,PACHECO ST
30TH AVE,PACHECO ST,QUINTARA ST
30TH AVE,QUINTARA ST,RIVERA ST
30TH AVE,RIVERA ST,SANTIAGO ST
30TH AVE,SANTIAGO ST,TARAVAL ST
IRVING ST,29TH AVE,Intersection
IRVING ST,30TH AVE,Intersection
JUDAH ST,29TH AVE,Intersection
JUDAH ST,30TH AVE,Intersection
KIRKHAM ST,29TH AVE,Intersection
KIRKHAM ST,30TH AVE,Intersection
LAWTON ST,29TH AVE,Intersection
LAWTON ST,30TH AVE,Intersection
MORAGA ST,29TH AVE,Intersection
MORAGA ST,30TH AVE,Intersection
NORIEGA ST,29TH AVE,Intersection
NORIEGA ST,30TH AVE,Intersection
ORTEGA ST,29TH AVE,Intersection
ORTEGA ST,30TH AVE,Intersection
PACHECO ST,29TH AVE,Intersection
PACHECO ST,30TH AVE,Intersection
QUINTARA ST,29TH AVE,Intersection
QUINTARA ST,30TH AVE,Intersection
RIVERA ST,29TH AVE,Intersection
RIVERA ST,30TH AVE,Intersection
SANTIAGO ST,30TH AVE,Intersection
SANTIAGO ST,29TH AVE,Intersection
31ST AVE,IRVING ST,JUDAH ST
31ST AVE,JUDAH ST,KIRKHAM ST
31ST AVE,KIRKHAM ST,LAWTON ST
31ST AVE,LAWTON ST,MORAGA ST
31ST AVE,MORAGA ST,NORIEGA ST
31ST AVE,NORIEGA ST,ORTEGA ST
31ST AVE,ORTEGA ST,PACHECO ST
31ST AVE,PACHECO ST,QUINTARA ST
31ST AVE,QUINTARA ST,RIVERA ST
31ST AVE,RIVERA ST,SANTIAGO ST
31ST AVE,SANTIAGO ST,TARAVAL ST
32ND AVE,IRVING ST,JUDAH ST
32ND AVE,JUDAH ST,KIRKHAM ST
32ND AVE,KIRKHAM ST,LAWTON ST
32ND AVE,LAWTON ST,MORAGA ST
32ND AVE,MORAGA ST,NORIEGA ST
32ND AVE,NORIEGA ST,ORTEGA ST
32ND AVE,ORTEGA ST,PACHECO ST
32ND AVE,PACHECO ST,QUINTARA ST
32ND AVE,QUINTARA ST,RIVERA ST
32ND AVE,RIVERA ST,SANTIAGO ST
32ND AVE,SANTIAGO ST,TARAVAL ST
IRVING ST,31ST AVE,Intersection
IRVING ST,32ND AVE,Intersection
JUDAH ST,31ST AVE,Intersection
JUDAH ST,32ND AVE,Intersection
KIRKHAM ST,31ST AVE,Intersection
KIRKHAM ST,32ND AVE,Intersection
LAWTON ST,31ST AVE,Intersection
LAWTON ST,32ND AVE,Intersection
MORAGA ST,31ST AVE,Intersection
MORAGA ST,32ND AVE,Intersection
NORIEGA ST,31ST AVE,Intersection
NORIEGA ST,32ND AVE,Intersection
ORTEGA ST,31ST AVE,Intersection
ORTEGA ST,32ND AVE,Intersection
PACHECO ST,31ST AVE,Intersection
PACHECO ST,32ND AVE,Intersection
QUINTARA ST,31ST AVE,Intersection
QUINTARA ST,32ND AVE,Intersection
RIVERA ST,31ST AVE,Intersection
RIVERA ST,32ND AVE,Intersection
SANTIAGO ST,31ST AVE,Intersection
SANTIAGO ST,32ND AVE,Intersection
KIRKHAM ST,45TH AVE,Intersection
KIRKHAM ST,46TH AVE,Intersection
KIRKHAM ST,47TH AVE,Intersection
KIRKHAM ST,48TH AVE,Intersection
KIRKHAM ST,45TH AVE,46TH AVE
KIRKHAM ST,46TH AVE,47TH AVE
KIRKHAM ST,47TH AVE,48TH AVE
KIRKHAM ST,48TH AVE,GREAT HWY \ LA PLAYA
LA PLAYA,GREAT HWY \ KIRKHAM ST,Intersection
LAWTON ST,42ND AVE,Intersection
LAWTON ST,43RD AVE,Intersection
LAWTON ST,44TH AVE,Intersection
LAWTON ST,45TH AVE,Intersection
LAWTON ST,42ND AVE,43RD AVE
LAWTON ST,43RD AVE,44TH AVE
LAWTON ST,44TH AVE,45TH AVE
MORAGA ST,36TH AVE,Intersection
MORAGA ST,37TH AVE,Intersection
MORAGA ST,38TH AVE,Intersection
MORAGA ST,39TH AVE,Intersection
MORAGA ST,40TH AVE,Intersection
MORAGA ST,41ST AVE,Intersection
MORAGA ST,42ND AVE,Intersection
MORAGA ST,36TH AVE,SUNSET BLVD
MORAGA ST,SUNSET BLVD,37TH AVE
MORAGA ST,37TH AVE,38TH AVE
MORAGA ST,38TH AVE,39TH AVE
MORAGA ST,39TH AVE,40TH AVE
MORAGA ST,40TH AVE,41ST AVE
MORAGA ST,41ST AVE,42ND AVE
QUINTARA ST,42ND AVE,43RD AVE
QUINTARA ST,43RD AVE,44TH AVE
QUINTARA ST,44TH AVE,45TH AVE
QUINTARA ST,45TH AVE,46TH AVE
QUINTARA ST,46TH AVE,47TH AVE
QUINTARA ST,47TH AVE,48TH AVE
QUINTARA ST,48TH AVE,GREAT HWY
QUINTARA ST,42ND AVE,Intersection
QUINTARA ST,43RD AVE,Intersection
QUINTARA ST,44TH AVE,Intersection
QUINTARA ST,45TH AVE,Intersection
QUINTARA ST,46TH AVE,Intersection
QUINTARA ST,47TH AVE,Intersection
QUINTARA ST,48TH AVE,Intersection
QUINTARA ST,GREAT HWY,Intersection
RIVERA ST,40TH AVE,41ST AVE
RIVERA ST,41ST AVE,42ND AVE
RIVERA ST,40TH AVE,Intersection
RIVERA ST,41ST AVE,Intersection
RIVERA ST,42ND AVE,Intersection
SUNSET BLVD,MORAGA ST,Intersection
34TH AVE,LINCOLN WAY,IRVING ST
34TH AVE,IRVING ST,JUDAH ST
34TH AVE,JUDAH ST,KIRKHAM ST
34TH AVE,KIRKHAM ST,LAWTON ST
34TH AVE,LAWTON ST,MORAGA ST
34TH AVE,MORAGA ST,NORIEGA ST
34TH AVE,NORIEGA ST,ORTEGA ST
34TH AVE,ORTEGA ST,PACHECO ST
34TH AVE,PACHECO ST,QUINTARA ST
34TH AVE,QUINTARA ST,RIVERA ST
34TH AVE,RIVERA ST,SANTIAGO ST
34TH AVE,SANTIAGO ST,TARAVAL ST
35TH AVE,LINCOLN WAY,IRVING ST
35TH AVE,IRVING ST,JUDAH ST
35TH AVE,JUDAH ST,KIRKHAM ST
35TH AVE,KIRKHAM ST,LAWTON ST
35TH AVE,LAWTON ST,MORAGA ST
35TH AVE,MORAGA ST,NORIEGA ST
35TH AVE,NORIEGA ST,ORTEGA ST
35TH AVE,ORTEGA ST,PACHECO ST
35TH AVE,PACHECO ST,QUINTARA ST
35TH AVE,QUINTARA ST,RIVERA ST
35TH AVE,RIVERA ST,SANTIAGO ST
35TH AVE,SANTIAGO ST,TARAVAL ST
IRVING ST,34TH AVE,Intersection
IRVING ST,35TH AVE,Intersection
JUDAH ST,34TH AVE,Intersection
JUDAH ST,35TH AVE,Intersection
KIRKHAM ST,34TH AVE,Intersection
KIRKHAM ST,35TH AVE,Intersection
LAWTON ST,34TH AVE,Intersection
LAWTON ST,35TH AVE,Intersection
MORAGA ST,34TH AVE,Intersection
MORAGA ST,35TH AVE,Intersection
NORIEGA ST,34TH AVE,Intersection
NORIEGA ST,35TH AVE,Intersection
ORTEGA ST,34TH AVE,Intersection
ORTEGA ST,35TH AVE,Intersection
PACHECO ST,34TH AVE,Intersection
PACHECO ST,35TH AVE,Intersection
QUINTARA ST,34TH AVE,Intersection
QUINTARA ST,35TH AVE,Intersection
RIVERA ST,34TH AVE,Intersection
RIVERA ST,35TH AVE,Intersection
SANTIAGO ST,34TH AVE,Intersection
SANTIAGO ST,35TH AVE,Intersection
42ND AVE,LINCOLN WAY,IRVING ST
42ND AVE,IRVING ST,JUDAH ST
42ND AVE,JUDAH ST,KIRKHAM ST
42ND AVE,KIRKHAM ST,LAWTON ST
42ND AVE,LAWTON ST,MORAGA ST
42ND AVE,MORAGA ST,NORIEGA ST
42ND AVE,NORIEGA ST,ORTEGA ST
42ND AVE,ORTEGA ST,PACHECO ST
42ND AVE,PACHECO ST,QUINTARA ST
42ND AVE,QUINTARA ST,RIVERA ST
42ND AVE,RIVERA ST,SANTIAGO ST
42ND AVE,SANTIAGO ST,TARAVAL ST
45TH AVE,LINCOLN WAY,IRVING ST
45TH AVE,IRVING ST,JUDAH ST
45TH AVE,JUDAH ST,KIRKHAM ST
45TH AVE,KIRKHAM ST,LAWTON ST
45TH AVE,LAWTON ST,MORAGA ST
45TH AVE,MORAGA ST,NORIEGA ST
45TH AVE,NORIEGA ST,ORTEGA ST
45TH AVE,ORTEGA ST,PACHECO ST
45TH AVE,PACHECO ST,QUINTARA ST
45TH AVE,QUINTARA ST,RIVERA ST
45TH AVE,RIVERA ST,SANTIAGO ST
45TH AVE,SANTIAGO ST,TARAVAL ST
IRVING ST,42ND AVE,Intersection
IRVING ST,45TH AVE,Intersection
JUDAH ST,42ND AVE,Intersection
JUDAH ST,45TH AVE,Intersection
KIRKHAM ST,42ND AVE,Intersection
KIRKHAM ST,45TH AVE,Intersection
LAWTON ST,42ND AVE,Intersection
LAWTON ST,45TH AVE,Intersection
MORAGA ST,42ND AVE,Intersection
MORAGA ST,45TH AVE,Intersection
NORIEGA ST,42ND AVE,Intersection
NORIEGA ST,45TH AVE,Intersection
ORTEGA ST,42ND AVE,Intersection
ORTEGA ST,45TH AVE,Intersection
PACHECO ST,42ND AVE,Intersection
PACHECO ST,45TH AVE,Intersection
QUINTARA ST,42ND AVE,Intersection
QUINTARA ST,45TH AVE,Intersection
RIVERA ST,42ND AVE,Intersection
RIVERA ST,45TH AVE,Intersection
SANTIAGO ST,42ND AVE,Intersection
SANTIAGO ST,45TH AVE,Intersection
37TH AVE,LINCOLN WAY,SUNSET BLVD
37TH AVE,SUNSET BLVD,IRVING ST
37TH AVE,IRVING ST,JUDAH ST
37TH AVE,JUDAH ST,KIRKHAM ST
37TH AVE,KIRKHAM ST,LAWTON ST
37TH AVE,LAWTON ST,MORAGA ST
37TH AVE,MORAGA ST,NORIEGA ST
37TH AVE,NORIEGA ST,ORTEGA ST
37TH AVE,ORTEGA ST,PACHECO ST
37TH AVE,PACHECO ST,QUINTARA ST
37TH AVE,QUINTARA ST,RIVERA ST
37TH AVE,RIVERA ST,SANTIAGO ST
37TH AVE,SANTIAGO ST,TARAVAL ST
IRVING ST,37TH AVE,Intersection
JUDAH ST,37TH AVE,Intersection
KIRKHAM ST,37TH AVE,Intersection
LAWTON ST,37TH AVE,Intersection
MORAGA ST,37TH AVE,Intersection
NORIEGA ST,37TH AVE,Intersection
ORTEGA ST,37TH AVE,Intersection
PACHECO ST,37TH AVE,Intersection
QUINTARA ST,37TH AVE,Intersection
RIVERA ST,37TH AVE,Intersection
SANTIAGO ST,37TH AVE,Intersection
SUNSET BLVD,37TH AVE,Intersection
29TH AVE,KIRKHAM ST,LAWTON ST
29TH AVE,LAWTON ST,MORAGA ST
32ND AVE,KIRKHAM ST,LAWTON ST
32ND AVE,LAWTON ST,MORAGA ST
36TH AVE,KIRKHAM ST,LAWTON ST
36TH AVE,LAWTON ST,MORAGA ST
42ND AVE,LAWTON ST,MORAGA ST
45TH AVE,KIRKHAM ST,LAWTON ST
KIRKHAM ST,29TH AVE,Intersection
KIRKHAM ST,32ND AVE,Intersection
KIRKHAM ST,33RD AVE,Intersection
KIRKHAM ST,34TH AVE,Intersection
KIRKHAM ST,35TH AVE,Intersection
KIRKHAM ST,46TH AVE,Intersection
KIRKHAM ST,47TH AVE,Intersection
KIRKHAM ST,48TH AVE,Intersection
KIRKHAM ST,28TH AVE,29TH AVE
KIRKHAM ST,32ND AVE,33RD AVE
KIRKHAM ST,33RD AVE,34TH AVE
KIRKHAM ST,34TH AVE,35TH AVE
KIRKHAM ST,35TH AVE,PINO ALY
KIRKHAM ST,PINO ALY,36TH AVE
KIRKHAM ST,45TH AVE,46TH AVE
KIRKHAM ST,46TH AVE,47TH AVE
KIRKHAM ST,47TH AVE,48TH AVE
KIRKHAM ST,48TH AVE,GREAT HWY \ LA PLAYA
LAWTON ST,29TH AVE,Intersection
LAWTON ST,32ND AVE,Intersection
LAWTON ST,36TH AVE,Intersection
LAWTON ST,43RD AVE,Intersection
LAWTON ST,44TH AVE,Intersection
LAWTON ST,42ND AVE,43RD AVE
LAWTON ST,43RD AVE,44TH AVE
LAWTON ST,44TH AVE,45TH AVE
MORAGA ST,30TH AVE,Intersection
MORAGA ST,31ST AVE,Intersection
MORAGA ST,37TH AVE,Intersection
MORAGA ST,38TH AVE,Intersection
MORAGA ST,39TH AVE,Intersection
MORAGA ST,40TH AVE,Intersection
MORAGA ST,41ST AVE,Intersection
MORAGA ST,29TH AVE,30TH AVE
MORAGA ST,30TH AVE,31ST AVE
MORAGA ST,31ST AVE,32ND AVE
MORAGA ST,36TH AVE,SUNSET BLVD
MORAGA ST,SUNSET BLVD,37TH AVE
MORAGA ST,37TH AVE,38TH AVE
MORAGA ST,38TH AVE,39TH AVE
MORAGA ST,39TH AVE,40TH AVE
MORAGA ST,40TH AVE,41ST AVE
MORAGA ST,41ST AVE,42ND AVE
PINO ALY,KIRKHAM ST,Intersection
SUNSET BLVD,MORAGA ST,Intersection
30TH AVE,ANZA ST,BALBOA ST
ANZA ST,ARGUELLO BLVD,02ND AVE
ANZA ST,02ND AVE,03RD AVE
ANZA ST,03RD AVE,04TH AVE
ANZA ST,04TH AVE,05TH AVE
ANZA ST,05TH AVE,06TH AVE
ANZA ST,06TH AVE,07TH AVE
ANZA ST,07TH AVE,08TH AVE
ANZA ST,08TH AVE,09TH AVE
ANZA ST,09TH AVE,10TH AVE
ANZA ST,10TH AVE,11TH AVE
ANZA ST,11TH AVE,12TH AVE
ANZA ST,12TH AVE,FUNSTON AVE
ANZA ST,FUNSTON AVE,PARK PRESIDIO BLVD
ANZA ST,PARK PRESIDIO BLVD,14TH AVE
ANZA ST,14TH AVE,15TH AVE
ANZA ST,15TH AVE,16TH AVE
ANZA ST,16TH AVE,17TH AVE
ANZA ST,17TH AVE,18TH AVE
ANZA ST,18TH AVE,19TH AVE
ANZA ST,19TH AVE,20TH AVE
ANZA ST,20TH AVE,21ST AVE
ANZA ST,21ST AVE,22ND AVE
ANZA ST,22ND AVE,23RD AVE
ANZA ST,23RD AVE,24TH AVE
ANZA ST,24TH AVE,25TH AVE
ANZA ST,25TH AVE,26TH AVE
ANZA ST,26TH AVE,27TH AVE
ANZA ST,27TH AVE,28TH AVE
ANZA ST,28TH AVE,29TH AVE
ANZA ST,29TH AVE,30TH AVE
ANZA ST,02ND AVE,Intersection
ANZA ST,03RD AVE,Intersection
ANZA ST,04TH AVE,Intersection
ANZA ST,05TH AVE,Intersection
ANZA ST,06TH AVE,Intersection
ANZA ST,07TH AVE,Intersection
ANZA ST,08TH AVE,Intersection
ANZA ST,09TH AVE,Intersection
ANZA ST,10TH AVE,Intersection
ANZA ST,11TH AVE,Intersection
ANZA ST,12TH AVE,Intersection
ANZA ST,14TH AVE,Intersection
ANZA ST,15TH AVE,Intersection
ANZA ST,16TH AVE,Intersection
ANZA ST,17TH AVE,Intersection
ANZA ST,18TH AVE,Intersection
ANZA ST,19TH AVE,Intersection
ANZA ST,20TH AVE,Intersection
ANZA ST,21ST AVE,Intersection
ANZA ST,22ND AVE,Intersection
ANZA ST,23RD AVE,Intersection
ANZA ST,24TH AVE,Intersection
ANZA ST,25TH AVE,Intersection
ANZA ST,26TH AVE,Intersection
ANZA ST,27TH AVE,Intersection
ANZA ST,28TH AVE,Intersection
ANZA ST,29TH AVE,Intersection
BALBOA ST,30TH AVE,31ST AVE
BALBOA ST,31ST AVE,32ND AVE
BALBOA ST,32ND AVE,33RD AVE
BALBOA ST,33RD AVE,34TH AVE
BALBOA ST,34TH AVE,35TH AVE
BALBOA ST,35TH AVE,36TH AVE
BALBOA ST,36TH AVE,37TH AVE
BALBOA ST,37TH AVE,38TH AVE
BALBOA ST,38TH AVE,39TH AVE
BALBOA ST,39TH AVE,40TH AVE
BALBOA ST,40TH AVE,41ST AVE
BALBOA ST,41ST AVE,42ND AVE
BALBOA ST,42ND AVE,43RD AVE
BALBOA ST,43RD AVE,44TH AVE
BALBOA ST,44TH AVE,45TH AVE
BALBOA ST,45TH AVE,46TH AVE
BALBOA ST,46TH AVE,47TH AVE
BALBOA ST,47TH AVE,48TH AVE
BALBOA ST,31ST AVE,Intersection
BALBOA ST,32ND AVE,Intersection
BALBOA ST,33RD AVE,Intersection
BALBOA ST,34TH AVE,Intersection
BALBOA ST,35TH AVE,Intersection
BALBOA ST,36TH AVE,Intersection
BALBOA ST,37TH AVE,Intersection
BALBOA ST,38TH AVE,Intersection
BALBOA ST,39TH AVE,Intersection
BALBOA ST,40TH AVE,Intersection
BALBOA ST,41ST AVE,Intersection
BALBOA ST,42ND AVE,Intersection
BALBOA ST,43RD AVE,Intersection
BALBOA ST,44TH AVE,Intersection
BALBOA ST,45TH AVE,Intersection
BALBOA ST,46TH AVE,Intersection
BALBOA ST,47TH AVE,Intersection
FUNSTON AVE,ANZA ST,Intersection
PARK PRESIDIO BLVD,ANZA ST,Intersection
38TH AVE,LINCOLN WAY,IRVING ST
38TH AVE,IRVING ST,JUDAH ST
38TH AVE,JUDAH ST,KIRKHAM ST
38TH AVE,KIRKHAM ST,LAWTON ST
38TH AVE,LAWTON ST,MORAGA ST
38TH AVE,MORAGA ST,NORIEGA ST
38TH AVE,NORIEGA ST,ORTEGA ST
38TH AVE,RIVERA ST,SANTIAGO ST
38TH AVE,SANTIAGO ST,TARAVAL ST
IRVING ST,38TH AVE,Intersection
JUDAH ST,38TH AVE,Intersection
KIRKHAM ST,38TH AVE,Intersection
LAWTON ST,38TH AVE,Intersection
MORAGA ST,38TH AVE,Intersection
NORIEGA ST,38TH AVE,Intersection
SANTIAGO ST,38TH AVE,Intersection
39TH AVE,LINCOLN WAY,IRVING ST
39TH AVE,IRVING ST,JUDAH ST
39TH AVE,JUDAH ST,KIRKHAM ST
39TH AVE,KIRKHAM ST,LAWTON ST
39TH AVE,LAWTON ST,MORAGA ST
39TH AVE,MORAGA ST,NORIEGA ST
39TH AVE,NORIEGA ST,ORTEGA ST
IRVING ST,39TH AVE,Intersection
JUDAH ST,39TH AVE,Intersection
KIRKHAM ST,39TH AVE,Intersection
LAWTON ST,39TH AVE,Intersection
MORAGA ST,39TH AVE,Intersection
NORIEGA ST,39TH AVE,Intersection
40TH AVE,LINCOLN WAY,IRVING ST
40TH AVE,IRVING ST,JUDAH ST
40TH AVE,JUDAH ST,KIRKHAM ST
40TH AVE,KIRKHAM ST,LAWTON ST
40TH AVE,LAWTON ST,MORAGA ST
40TH AVE,MORAGA ST,NORIEGA ST
40TH AVE,NORIEGA ST,ORTEGA ST
40TH AVE,QUINTARA ST,RIVERA ST
40TH AVE,RIVERA ST,SANTIAGO ST
40TH AVE,SANTIAGO ST,TARAVAL ST
IRVING ST,40TH AVE,Intersection
JUDAH ST,40TH AVE,Intersection
KIRKHAM ST,40TH AVE,Intersection
LAWTON ST,40TH AVE,Intersection
MORAGA ST,40TH AVE,Intersection
NORIEGA ST,40TH AVE,Intersection
RIVERA ST,40TH AVE,Intersection
SANTIAGO ST,40TH AVE,Intersection
18TH AVE,LAKE ST,CALIFORNIA ST
18TH AVE,CALIFORNIA ST,CLEMENT ST
18TH AVE,CLEMENT ST,GEARY BLVD
18TH AVE,GEARY BLVD,ANZA ST
18TH AVE,ANZA ST,BALBOA ST
18TH AVE,BALBOA ST,CABRILLO ST
18TH AVE,CABRILLO ST,FULTON ST
ANZA ST,18TH AVE,Intersection
BALBOA ST,18TH AVE,Intersection
CABRILLO ST,18TH AVE,Intersection
CALIFORNIA ST,18TH AVE,Intersection
CLEMENT ST,18TH AVE,Intersection
GEARY BLVD,18TH AVE,Intersection
17TH AVE,LAKE ST,CALIFORNIA ST
17TH AVE,CALIFORNIA ST,CLEMENT ST
17TH AVE,CLEMENT ST,GEARY BLVD
17TH AVE,GEARY BLVD,ANZA ST
17TH AVE,ANZA ST,BALBOA ST
17TH AVE,BALBOA ST,CABRILLO ST
17TH AVE,CABRILLO ST,FULTON ST
ANZA ST,17TH AVE,Intersection
BALBOA ST,17TH AVE,Intersection
CABRILLO ST,17TH AVE,Intersection
CALIFORNIA ST,17TH AVE,Intersection
CLEMENT ST,17TH AVE,Intersection
GEARY BLVD,17TH AVE,Intersection
45TH AVE,LINCOLN WAY,IRVING ST
45TH AVE,IRVING ST,JUDAH ST
45TH AVE,JUDAH ST,KIRKHAM ST
45TH AVE,KIRKHAM ST,LAWTON ST
45TH AVE,LAWTON ST,MORAGA ST
45TH AVE,MORAGA ST,NORIEGA ST
45TH AVE,NORIEGA ST,ORTEGA ST
45TH AVE,ORTEGA ST,PACHECO ST
45TH AVE,PACHECO ST,QUINTARA ST
45TH AVE,QUINTARA ST,RIVERA ST
45TH AVE,RIVERA ST,SANTIAGO ST
45TH AVE,SANTIAGO ST,TARAVAL ST
IRVING ST,45TH AVE,Intersection
JUDAH ST,45TH AVE,Intersection
KIRKHAM ST,45TH AVE,Intersection
LAWTON ST,45TH AVE,Intersection
MORAGA ST,45TH AVE,Intersection
NORIEGA ST,45TH AVE,Intersection
ORTEGA ST,45TH AVE,Intersection
PACHECO ST,45TH AVE,Intersection
QUINTARA ST,45TH AVE,Intersection
RIVERA ST,45TH AVE,Intersection
SANTIAGO ST,45TH AVE,Intersection
19TH AVE,LAKE ST,CALIFORNIA ST
19TH AVE,CALIFORNIA ST,CLEMENT ST
19TH AVE,CLEMENT ST,GEARY BLVD
19TH AVE,GEARY BLVD,ANZA ST
19TH AVE,ANZA ST,BALBOA ST
19TH AVE,BALBOA ST,CABRILLO ST
19TH AVE,CABRILLO ST,FULTON ST
ANZA ST,19TH AVE,Intersection
BALBOA ST,19TH AVE,Intersection
CABRILLO ST,19TH AVE,Intersection
CALIFORNIA ST,19TH AVE,Intersection
CLEMENT ST,19TH AVE,Intersection
GEARY BLVD,19TH AVE,Intersection
KIRKHAM ST,16TH AVE,Intersection
KIRKHAM ST,15TH AVE,16TH AVE
KIRKHAM ST,16TH AVE,17TH AVE
20TH AVE,CLEMENT ST,GEARY BLVD
20TH AVE,GEARY BLVD,ANZA ST
20TH AVE,ANZA ST,BALBOA ST
20TH AVE,BALBOA ST,CABRILLO ST
20TH AVE,CABRILLO ST,FULTON ST
20TH AVE,LAKE ST,CALIFORNIA ST
20TH AVE,CALIFORNIA ST,CLEMENT ST
ANZA ST,20TH AVE,Intersection
BALBOA ST,20TH AVE,Intersection
CABRILLO ST,20TH AVE,Intersection
CALIFORNIA ST,20TH AVE,Intersection
CLEMENT ST,20TH AVE,Intersection
GEARY BLVD,20TH AVE,Intersection
14TH AVE,CLEMENT ST,GEARY BLVD
14TH AVE,GEARY BLVD,ANZA ST
14TH AVE,ANZA ST,BALBOA ST
ANZA ST,14TH AVE,Intersection
GEARY BLVD,14TH AVE,Intersection
15TH AVE,LAKE ST,CALIFORNIA ST
15TH AVE,CALIFORNIA ST,CLEMENT ST
15TH AVE,CLEMENT ST,TACOMA ST
15TH AVE,TACOMA ST,GEARY BLVD
15TH AVE,GEARY BLVD,ANZA ST
15TH AVE,ANZA ST,BALBOA ST
15TH AVE,BALBOA ST,CABRILLO ST
15TH AVE,CABRILLO ST,FULTON ST
ANZA ST,15TH AVE,Intersection
BALBOA ST,15TH AVE,Intersection
CABRILLO ST,15TH AVE,Intersection
CALIFORNIA ST,15TH AVE,Intersection
CLEMENT ST,15TH AVE,Intersection
GEARY BLVD,15TH AVE,Intersection
TACOMA ST,15TH AVE,Intersection
16TH AVE,LAKE ST,CALIFORNIA ST
16TH AVE,CALIFORNIA ST,CLEMENT ST
16TH AVE,CLEMENT ST,GEARY BLVD
16TH AVE,GEARY BLVD,ANZA ST
16TH AVE,ANZA ST,BALBOA ST
16TH AVE,BALBOA ST,CABRILLO ST
16TH AVE,CABRILLO ST,FULTON ST
ANZA ST,16TH AVE,Intersection
BALBOA ST,16TH AVE,Intersection
CABRILLO ST,16TH AVE,Intersection
CALIFORNIA ST,16TH AVE,Intersection
CLEMENT ST,16TH AVE,Intersection
GEARY BLVD,16TH AVE,Intersection
02ND AVE,END,LAKE ST
02ND AVE,LAKE ST,CALIFORNIA ST
02ND AVE,CALIFORNIA ST,CORNWALL ST
02ND AVE,CORNWALL ST,CLEMENT ST
02ND AVE,CLEMENT ST,GEARY BLVD
02ND AVE,GEARY BLVD,ANZA ST
02ND AVE,ANZA ST,BALBOA ST
02ND AVE,BALBOA ST,CABRILLO ST
02ND AVE,CABRILLO ST,FULTON ST
ANZA ST,02ND AVE,Intersection
BALBOA ST,02ND AVE,Intersection
CABRILLO ST,02ND AVE,Intersection
CALIFORNIA ST,02ND AVE,Intersection
CLEMENT ST,02ND AVE,Intersection
CORNWALL ST,02ND AVE,Intersection
GEARY BLVD,02ND AVE,Intersection
LAKE ST,02ND AVE,Intersection
03RD AVE,LAKE ST,CALIFORNIA ST
03RD AVE,CALIFORNIA ST,CORNWALL ST
03RD AVE,CORNWALL ST,CLEMENT ST
03RD AVE,CLEMENT ST,GEARY BLVD
03RD AVE,GEARY BLVD,ANZA ST
03RD AVE,ANZA ST,BALBOA ST
03RD AVE,BALBOA ST,CABRILLO ST
03RD AVE,CABRILLO ST,FULTON ST
ANZA ST,03RD AVE,Intersection
BALBOA ST,03RD AVE,Intersection
CABRILLO ST,03RD AVE,Intersection
CALIFORNIA ST,03RD AVE,Intersection
CLEMENT ST,03RD AVE,Intersection
CORNWALL ST,03RD AVE,Intersection
GEARY BLVD,03RD AVE,Intersection
04TH AVE,LAKE ST,CALIFORNIA ST
04TH AVE,CALIFORNIA ST,CORNWALL ST
04TH AVE,CORNWALL ST,CLEMENT ST
04TH AVE,CLEMENT ST,GEARY BLVD
04TH AVE,GEARY BLVD,ANZA ST
04TH AVE,ANZA ST,BALBOA ST
04TH AVE,BALBOA ST,CABRILLO ST
04TH AVE,CABRILLO ST,FULTON ST
ANZA ST,04TH AVE,Intersection
BALBOA ST,04TH AVE,Intersection
CABRILLO ST,04TH AVE,Intersection
CALIFORNIA ST,04TH AVE,Intersection
CLEMENT ST,04TH AVE,Intersection
CORNWALL ST,04TH AVE,Intersection
GEARY BLVD,04TH AVE,Intersection
46TH AVE,LINCOLN WAY,IRVING ST
46TH AVE,IRVING ST,JUDAH ST
46TH AVE,JUDAH ST,KIRKHAM ST
46TH AVE,KIRKHAM ST,LAWTON ST
46TH AVE,LAWTON ST,MORAGA ST
46TH AVE,MORAGA ST,NORIEGA ST
46TH AVE,NORIEGA ST,ORTEGA ST
46TH AVE,ORTEGA ST,PACHECO ST
46TH AVE,PACHECO ST,QUINTARA ST
46TH AVE,QUINTARA ST,RIVERA ST
46TH AVE,RIVERA ST,SANTIAGO ST
46TH AVE,SANTIAGO ST,TARAVAL ST
IRVING ST,46TH AVE,Intersection
JUDAH ST,46TH AVE,Intersection
KIRKHAM ST,46TH AVE,Intersection
LAWTON ST,46TH AVE,Intersection
MORAGA ST,46TH AVE,Intersection
NORIEGA ST,46TH AVE,Intersection
ORTEGA ST,46TH AVE,Intersection
PACHECO ST,46TH AVE,Intersection
QUINTARA ST,46TH AVE,Intersection
RIVERA ST,46TH AVE,Intersection
SANTIAGO ST,46TH AVE,Intersection
47TH AVE,LINCOLN WAY,IRVING ST
47TH AVE,IRVING ST,JUDAH ST
47TH AVE,JUDAH ST,KIRKHAM ST
47TH AVE,KIRKHAM ST,LAWTON ST
47TH AVE,LAWTON ST,MORAGA ST
47TH AVE,MORAGA ST,NORIEGA ST
47TH AVE,NORIEGA ST,ORTEGA ST
47TH AVE,ORTEGA ST,PACHECO ST
47TH AVE,PACHECO ST,QUINTARA ST
47TH AVE,QUINTARA ST,RIVERA ST
47TH AVE,RIVERA ST,SANTIAGO ST
47TH AVE,SANTIAGO ST,TARAVAL ST
IRVING ST,47TH AVE,Intersection
JUDAH ST,47TH AVE,Intersection
KIRKHAM ST,47TH AVE,Intersection
LAWTON ST,47TH AVE,Intersection
MORAGA ST,47TH AVE,Intersection
NORIEGA ST,47TH AVE,Intersection
ORTEGA ST,47TH AVE,Intersection
PACHECO ST,47TH AVE,Intersection
QUINTARA ST,47TH AVE,Intersection
RIVERA ST,47TH AVE,Intersection
SANTIAGO ST,47TH AVE,Intersection
09TH AVE,CLEMENT ST,GEARY BLVD
GEARY BLVD,09TH AVE,10TH AVE
48TH AVE,LINCOLN WAY,IRVING ST
48TH AVE,IRVING ST,JUDAH ST
48TH AVE,JUDAH ST,KIRKHAM ST
48TH AVE,KIRKHAM ST,LAWTON ST
48TH AVE,LAWTON ST,MORAGA ST
48TH AVE,MORAGA ST,NORIEGA ST
48TH AVE,NORIEGA ST,ORTEGA ST
48TH AVE,ORTEGA ST,PACHECO ST
48TH AVE,PACHECO ST,QUINTARA ST
48TH AVE,QUINTARA ST,RIVERA ST
48TH AVE,QUINTARA ST,RIVERA ST
48TH AVE,RIVERA ST,SANTIAGO ST
48TH AVE,SANTIAGO ST,GREAT HWY \ TARAVAL ST
IRVING ST,48TH AVE,Intersection
JUDAH ST,48TH AVE,Intersection
KIRKHAM ST,48TH AVE,Intersection
LAWTON ST,48TH AVE,Intersection
MORAGA ST,48TH AVE,Intersection
NORIEGA ST,48TH AVE,Intersection
ORTEGA ST,48TH AVE,Intersection
PACHECO ST,48TH AVE,Intersection
QUINTARA ST,48TH AVE,Intersection
RIVERA ST,48TH AVE,Intersection
SANTIAGO ST,48TH AVE,Intersection
09TH AVE,CLEMENT ST,GEARY BLVD
GEARY BLVD,08TH AVE,09TH AVE
GEARY BLVD,09TH AVE,10TH AVE
KIRKHAM ST,19TH AVE,20TH AVE
KIRKHAM ST,19TH AVE,20TH AVE
GREAT HWY,KIRKHAM ST \ LA PLAYA,LA PLAYA \ LAWTON ST
GREAT HWY,LA PLAYA,MORAGA ST
GREAT HWY,MORAGA ST,NORIEGA ST
GREAT HWY,NORIEGA ST,ORTEGA ST
GREAT HWY,ORTEGA ST,PACHECO ST
GREAT HWY,PACHECO ST,QUINTARA ST
GREAT HWY,QUINTARA ST,RIVERA ST
LA PLAYA,GREAT HWY \ KIRKHAM ST,Intersection
LA PLAYA,JUDAH ST,Intersection
LA PLAYA,IRVING ST,Intersection
LA PLAYA,GREAT HWY,Intersection
LA PLAYA,LINCOLN WAY \ MARTIN LUTHER KING JR DR,IRVING ST
LA PLAYA,IRVING ST,JUDAH ST
LA PLAYA,JUDAH ST,GREAT HWY \ KIRKHAM ST
LA PLAYA,GREAT HWY \ LAWTON ST,GREAT HWY
LAWTON ST,GREAT HWY \ LA PLAYA,Intersection
MORAGA ST,GREAT HWY,Intersection
NORIEGA ST,GREAT HWY,Intersection
ORTEGA ST,GREAT HWY,Intersection
PACHECO ST,GREAT HWY,Intersection
QUINTARA ST,GREAT HWY,Intersection
41ST AVE,CHAIN OF LAKES DR \ LINCOLN WAY,IRVING ST
41ST AVE,IRVING ST,JUDAH ST
41ST AVE,JUDAH ST,KIRKHAM ST
41ST AVE,KIRKHAM ST,LAWTON ST
41ST AVE,LAWTON ST,MORAGA ST
41ST AVE,MORAGA ST,NORIEGA ST
41ST AVE,NORIEGA ST,ORTEGA ST
41ST AVE,ORTEGA ST,PACHECO ST
41ST AVE,PACHECO ST,QUINTARA ST
41ST AVE,QUINTARA ST,RIVERA ST
41ST AVE,RIVERA ST,SANTIAGO ST
41ST AVE,SANTIAGO ST,TARAVAL ST
43RD AVE,LINCOLN WAY,IRVING ST
43RD AVE,IRVING ST,JUDAH ST
43RD AVE,JUDAH ST,KIRKHAM ST
43RD AVE,KIRKHAM ST,LAWTON ST
43RD AVE,LAWTON ST,MORAGA ST
43RD AVE,MORAGA ST,NORIEGA ST
43RD AVE,NORIEGA ST,ORTEGA ST
43RD AVE,ORTEGA ST,PACHECO ST
43RD AVE,PACHECO ST,QUINTARA ST
43RD AVE,QUINTARA ST,RIVERA ST
43RD AVE,RIVERA ST,SANTIAGO ST
43RD AVE,SANTIAGO ST,TARAVAL ST
44TH AVE,LINCOLN WAY,IRVING ST
44TH AVE,IRVING ST,JUDAH ST
44TH AVE,JUDAH ST,KIRKHAM ST
44TH AVE,KIRKHAM ST,LAWTON ST
44TH AVE,LAWTON ST,MORAGA ST
44TH AVE,MORAGA ST,NORIEGA ST
44TH AVE,NORIEGA ST,ORTEGA ST
44TH AVE,ORTEGA ST,PACHECO ST
44TH AVE,PACHECO ST,QUINTARA ST
44TH AVE,QUINTARA ST,RIVERA ST
44TH AVE,RIVERA ST,SANTIAGO ST
44TH AVE,SANTIAGO ST,TARAVAL ST
IRVING ST,41ST AVE,Intersection
IRVING ST,43RD AVE,Intersection
IRVING ST,44TH AVE,Intersection
JUDAH ST,41ST AVE,Intersection
JUDAH ST,43RD AVE,Intersection
JUDAH ST,44TH AVE,Intersection
KIRKHAM ST,43RD AVE,Intersection
KIRKHAM ST,44TH AVE,Intersection
KIRKHAM ST,41ST AVE,Intersection
LAWTON ST,41ST AVE,Intersection
LAWTON ST,43RD AVE,Intersection
LAWTON ST,44TH AVE,Intersection
MORAGA ST,41ST AVE,Intersection
MORAGA ST,43RD AVE,Intersection
MORAGA ST,44TH AVE,Intersection
NORIEGA ST,41ST AVE,Intersection
NORIEGA ST,43RD AVE,Intersection
NORIEGA ST,44TH AVE,Intersection
ORTEGA ST,41ST AVE,Intersection
ORTEGA ST,43RD AVE,Intersection
ORTEGA ST,44TH AVE,Intersection
PACHECO ST,43RD AVE,Intersection
PACHECO ST,44TH AVE,Intersection
PACHECO ST,41ST AVE,Intersection
QUINTARA ST,41ST AVE,Intersection
QUINTARA ST,43RD AVE,Intersection
QUINTARA ST,44TH AVE,Intersection
RIVERA ST,41ST AVE,Intersection
RIVERA ST,43RD AVE,Intersection
RIVERA ST,44TH AVE,Intersection
SANTIAGO ST,41ST AVE,Intersection
SANTIAGO ST,43RD AVE,Intersection
SANTIAGO ST,44TH AVE,Intersection
05TH AVE,LAKE ST,CALIFORNIA ST
05TH AVE,CALIFORNIA ST,CORNWALL ST
05TH AVE,CORNWALL ST,CLEMENT ST
05TH AVE,CLEMENT ST,GEARY BLVD
05TH AVE,GEARY BLVD,ANZA ST
05TH AVE,ANZA ST,BALBOA ST
05TH AVE,BALBOA ST,CABRILLO ST
05TH AVE,CABRILLO ST,FULTON ST
ANZA ST,05TH AVE,Intersection
BALBOA ST,05TH AVE,Intersection
CABRILLO ST,05TH AVE,Intersection
CALIFORNIA ST,05TH AVE,Intersection
CLEMENT ST,05TH AVE,Intersection
CORNWALL ST,05TH AVE,Intersection
GEARY BLVD,05TH AVE,Intersection
06TH AVE,LAKE ST,CALIFORNIA ST
06TH AVE,CALIFORNIA ST,CORNWALL ST
06TH AVE,CORNWALL ST,CLEMENT ST
06TH AVE,CLEMENT ST,GEARY BLVD
06TH AVE,GEARY BLVD,ANZA ST
06TH AVE,ANZA ST,BALBOA ST
06TH AVE,BALBOA ST,CABRILLO ST
06TH AVE,CABRILLO ST,FULTON ST
ANZA ST,06TH AVE,Intersection
BALBOA ST,06TH AVE,Intersection
CABRILLO ST,06TH AVE,Intersection
CALIFORNIA ST,06TH AVE,Intersection
CLEMENT ST,06TH AVE,Intersection
CORNWALL ST,06TH AVE,Intersection
GEARY BLVD,06TH AVE,Intersection
09TH AVE,LAKE ST,CALIFORNIA ST
09TH AVE,CALIFORNIA ST,CLEMENT ST
09TH AVE,CLEMENT ST,GEARY BLVD
09TH AVE,GEARY BLVD,ANZA ST
09TH AVE,ANZA ST,BALBOA ST
09TH AVE,BALBOA ST,CABRILLO ST
09TH AVE,CABRILLO ST,FULTON ST
ANZA ST,09TH AVE,Intersection
BALBOA ST,09TH AVE,Intersection
CABRILLO ST,09TH AVE,Intersection
CALIFORNIA ST,09TH AVE,Intersection
CLEMENT ST,09TH AVE,Intersection
GEARY BLVD,09TH AVE,Intersection
19TH AVE,KIRKHAM ST,LAWTON ST
06TH AVE,LAKE ST,CALIFORNIA ST
06TH AVE,CALIFORNIA ST,CORNWALL ST
06TH AVE,CORNWALL ST,CLEMENT ST
06TH AVE,CLEMENT ST,GEARY BLVD
06TH AVE,GEARY BLVD,ANZA ST
06TH AVE,ANZA ST,BALBOA ST
06TH AVE,BALBOA ST,CABRILLO ST
06TH AVE,CABRILLO ST,FULTON ST
07TH AVE,END,LAKE ST
07TH AVE,LAKE ST,CALIFORNIA ST \ CORNWALL ST
07TH AVE,CALIFORNIA ST \ CORNWALL ST,CLEMENT ST
07TH AVE,CLEMENT ST,GEARY BLVD
07TH AVE,GEARY BLVD,ANZA ST
07TH AVE,ANZA ST,BALBOA ST
07TH AVE,BALBOA ST,CABRILLO ST
07TH AVE,CABRILLO ST,FULTON ST
ANZA ST,06TH AVE,Intersection
ANZA ST,07TH AVE,Intersection
BALBOA ST,06TH AVE,Intersection
BALBOA ST,07TH AVE,Intersection
CABRILLO ST,06TH AVE,Intersection
CABRILLO ST,07TH AVE,Intersection
CALIFORNIA ST,06TH AVE,Intersection
CLEMENT ST,06TH AVE,Intersection
CLEMENT ST,07TH AVE,Intersection
CORNWALL ST,07TH AVE \ CALIFORNIA ST,Intersection
CORNWALL ST,06TH AVE,Intersection
GEARY BLVD,06TH AVE,Intersection
GEARY BLVD,07TH AVE,Intersection
LAKE ST,07TH AVE,Intersection
10TH AVE,END,LAKE ST
10TH AVE,LAKE ST,CALIFORNIA ST
10TH AVE,CALIFORNIA ST,CLEMENT ST
10TH AVE,CLEMENT ST,GEARY BLVD
10TH AVE,GEARY BLVD,ANZA ST
10TH AVE,ANZA ST,BALBOA ST
10TH AVE,BALBOA ST,CABRILLO ST
10TH AVE,CABRILLO ST,FULTON ST
11TH AVE,END,LAKE ST
11TH AVE,LAKE ST,CALIFORNIA ST
11TH AVE,CALIFORNIA ST,CLEMENT ST
11TH AVE,CLEMENT ST,GEARY BLVD
11TH AVE,GEARY BLVD,ANZA ST
11TH AVE,ANZA ST,BALBOA ST
11TH AVE,BALBOA ST,CABRILLO ST
11TH AVE,CABRILLO ST,FULTON ST
12TH AVE,END,LAKE ST
12TH AVE,LAKE ST,CALIFORNIA ST
12TH AVE,CALIFORNIA ST,CLEMENT ST
12TH AVE,CLEMENT ST,GEARY BLVD
12TH AVE,GEARY BLVD,ANZA ST
12TH AVE,ANZA ST,BALBOA ST
12TH AVE,BALBOA ST,CABRILLO ST
12TH AVE,CABRILLO ST,FULTON ST
ANZA ST,10TH AVE,Intersection
ANZA ST,11TH AVE,Intersection
ANZA ST,12TH AVE,Intersection
BALBOA ST,10TH AVE,Intersection
BALBOA ST,11TH AVE,Intersection
BALBOA ST,12TH AVE,Intersection
CABRILLO ST,11TH AVE,Intersection
CABRILLO ST,12TH AVE,Intersection
CABRILLO ST,10TH AVE,Intersection
CALIFORNIA ST,10TH AVE,Intersection
CALIFORNIA ST,11TH AVE,Intersection
CALIFORNIA ST,12TH AVE,Intersection
CLEMENT ST,10TH AVE,Intersection
CLEMENT ST,11TH AVE,Intersection
CLEMENT ST,12TH AVE,Intersection
GEARY BLVD,10TH AVE,Intersection
GEARY BLVD,11TH AVE,Intersection
GEARY BLVD,12TH AVE,Intersection
LAKE ST,10TH AVE,Intersection
LAKE ST,11TH AVE,Intersection
LAKE ST,12TH AVE,Intersection
06TH AVE,CALIFORNIA ST,CORNWALL ST
06TH AVE,CORNWALL ST,CLEMENT ST
06TH AVE,BALBOA ST,CABRILLO ST
06TH AVE,CABRILLO ST,FULTON ST
CABRILLO ST,06TH AVE,Intersection
CORNWALL ST,06TH AVE,Intersection
26TH AVE,EL CAMINO DEL MAR,LAKE ST
26TH AVE,LAKE ST,CALIFORNIA ST
26TH AVE,CALIFORNIA ST,CLEMENT ST
26TH AVE,CLEMENT ST,GEARY BLVD
26TH AVE,GEARY BLVD,ANZA ST
26TH AVE,ANZA ST,BALBOA ST
26TH AVE,BALBOA ST,CABRILLO ST
26TH AVE,CABRILLO ST,FULTON ST
27TH AVE,EL CAMINO DEL MAR,LAKE ST
27TH AVE,LAKE ST,CALIFORNIA ST
27TH AVE,CALIFORNIA ST,CLEMENT ST
27TH AVE,CLEMENT ST,GEARY BLVD
27TH AVE,GEARY BLVD,ANZA ST
27TH AVE,ANZA ST,BALBOA ST
27TH AVE,BALBOA ST,CABRILLO ST
27TH AVE,CABRILLO ST,FULTON ST
28TH AVE,CALIFORNIA ST,CLEMENT ST
28TH AVE,CLEMENT ST,GEARY BLVD
28TH AVE,GEARY BLVD,ANZA ST
28TH AVE,ANZA ST,BALBOA ST
28TH AVE,BALBOA ST,CABRILLO ST
28TH AVE,CABRILLO ST,FULTON ST
29TH AVE,CALIFORNIA ST,CLEMENT ST
29TH AVE,CLEMENT ST,GEARY BLVD
29TH AVE,GEARY BLVD,ANZA ST
29TH AVE,ANZA ST,BALBOA ST
29TH AVE,BALBOA ST,CABRILLO ST
29TH AVE,CABRILLO ST,FULTON ST
ANZA ST,26TH AVE,Intersection
ANZA ST,27TH AVE,Intersection
ANZA ST,28TH AVE,Intersection
ANZA ST,29TH AVE,Intersection
BALBOA ST,26TH AVE,Intersection
BALBOA ST,27TH AVE,Intersection
BALBOA ST,28TH AVE,Intersection
BALBOA ST,29TH AVE,Intersection
CABRILLO ST,26TH AVE,Intersection
CABRILLO ST,27TH AVE,Intersection
CABRILLO ST,28TH AVE,Intersection
CABRILLO ST,29TH AVE,Intersection
CALIFORNIA ST,26TH AVE,Intersection
CALIFORNIA ST,27TH AVE,Intersection
CLEMENT ST,26TH AVE,Intersection
CLEMENT ST,27TH AVE,Intersection
CLEMENT ST,28TH AVE,Intersection
CLEMENT ST,29TH AVE,Intersection
GEARY BLVD,26TH AVE,Intersection
GEARY BLVD,27TH AVE,Intersection
GEARY BLVD,28TH AVE,Intersection
GEARY BLVD,29TH AVE,Intersection
LAKE ST,26TH AVE,Intersection
LAKE ST,27TH AVE,Intersection
30TH AVE,CALIFORNIA ST,CLEMENT ST
30TH AVE,CLEMENT ST,GEARY BLVD
30TH AVE,GEARY BLVD,ANZA ST
30TH AVE,ANZA ST,BALBOA ST
30TH AVE,BALBOA ST,CABRILLO ST
30TH AVE,CABRILLO ST,FULTON ST
31ST AVE,BALBOA ST,CABRILLO ST
31ST AVE,CABRILLO ST,FULTON ST
32ND AVE,CALIFORNIA ST,MARVEL CT
32ND AVE,MARVEL CT,CLEMENT ST
32ND AVE,CLEMENT ST,GEARY BLVD
32ND AVE,GEARY BLVD,ANZA ST
32ND AVE,ANZA ST,BALBOA ST
32ND AVE,BALBOA ST,CABRILLO ST
ANZA ST,30TH AVE,Intersection
ANZA ST,32ND AVE,Intersection
BALBOA ST,30TH AVE,Intersection
BALBOA ST,31ST AVE,Intersection
BALBOA ST,32ND AVE,Intersection
CABRILLO ST,30TH AVE,Intersection
CABRILLO ST,31ST AVE,Intersection
CALIFORNIA ST,30TH AVE,Intersection
CALIFORNIA ST,32ND AVE,Intersection
CLEMENT ST,30TH AVE,Intersection
CLEMENT ST,32ND AVE,Intersection
GEARY BLVD,30TH AVE,Intersection
GEARY BLVD,32ND AVE,Intersection
MARVEL CT,32ND AVE,Intersection
18TH AVE,JUDAH ST,KIRKHAM ST
18TH AVE,KIRKHAM ST,LAWTON ST
18TH AVE,LAWTON ST,MORAGA ST
18TH AVE,MORAGA ST,NORIEGA ST
18TH AVE,NORIEGA ST,ORTEGA ST
18TH AVE,ORTEGA ST,PACHECO ST
18TH AVE,PACHECO ST,QUINTARA ST
18TH AVE,QUINTARA ST,RIVERA ST
18TH AVE,RIVERA ST,SANTIAGO ST
18TH AVE,SANTIAGO ST,TARAVAL ST
18TH AVE,TARAVAL ST,ULLOA ST
18TH AVE,ULLOA ST,VICENTE ST
18TH AVE,VICENTE ST,WAWONA ST
KIRKHAM ST,08TH AVE,Intersection
KIRKHAM ST,09TH AVE,Intersection
KIRKHAM ST,10TH AVE,Intersection
KIRKHAM ST,11TH AVE,Intersection
KIRKHAM ST,12TH AVE,Intersection
KIRKHAM ST,FUNSTON AVE,Intersection
KIRKHAM ST,15TH AVE,Intersection
KIRKHAM ST,16TH AVE,Intersection
KIRKHAM ST,17TH AVE,Intersection
KIRKHAM ST,18TH AVE,Intersection
KIRKHAM ST,19TH AVE,Intersection
KIRKHAM ST,07TH AVE,08TH AVE
KIRKHAM ST,08TH AVE,09TH AVE
KIRKHAM ST,09TH AVE,10TH AVE
KIRKHAM ST,10TH AVE,11TH AVE
KIRKHAM ST,11TH AVE,12TH AVE
KIRKHAM ST,12TH AVE,FUNSTON AVE
KIRKHAM ST,FUNSTON AVE,14TH AVE \ LURLINE ST
KIRKHAM ST,14TH AVE \ LURLINE ST,15TH AVE
KIRKHAM ST,15TH AVE,16TH AVE
KIRKHAM ST,16TH AVE,17TH AVE
KIRKHAM ST,17TH AVE,18TH AVE
KIRKHAM ST,18TH AVE,19TH AVE
KIRKHAM ST,19TH AVE,20TH AVE
LAWTON ST,18TH AVE,Intersection
LURLINE ST,14TH AVE \ KIRKHAM ST,Intersection
MORAGA ST,18TH AVE,Intersection
NORIEGA ST,18TH AVE,Intersection
PACHECO ST,18TH AVE,Intersection
QUINTARA ST,15TH AVE \ FANNING WAY,16TH AVE
QUINTARA ST,16TH AVE,17TH AVE
QUINTARA ST,17TH AVE,18TH AVE
QUINTARA ST,18TH AVE,19TH AVE
QUINTARA ST,16TH AVE,Intersection
QUINTARA ST,17TH AVE,Intersection
QUINTARA ST,18TH AVE,Intersection
RIVERA ST,18TH AVE,Intersection
SANTIAGO ST,18TH AVE,Intersection
TARAVAL ST,18TH AVE,Intersection
ULLOA ST,17TH AVE,18TH AVE
ULLOA ST,18TH AVE,19TH AVE
ULLOA ST,19TH AVE,20TH AVE
ULLOA ST,20TH AVE,21ST AVE
ULLOA ST,21ST AVE,22ND AVE
ULLOA ST,22ND AVE,23RD AVE
ULLOA ST,23RD AVE,24TH AVE
ULLOA ST,24TH AVE,25TH AVE
ULLOA ST,25TH AVE,26TH AVE
ULLOA ST,26TH AVE,27TH AVE
ULLOA ST,27TH AVE,28TH AVE
ULLOA ST,28TH AVE,29TH AVE
ULLOA ST,29TH AVE,30TH AVE
ULLOA ST,30TH AVE,31ST AVE
ULLOA ST,31ST AVE,32ND AVE
ULLOA ST,32ND AVE,33RD AVE
ULLOA ST,33RD AVE,34TH AVE
ULLOA ST,34TH AVE,35TH AVE
ULLOA ST,35TH AVE,36TH AVE
ULLOA ST,36TH AVE,SUNSET BLVD
ULLOA ST,SUNSET BLVD,37TH AVE
ULLOA ST,37TH AVE,38TH AVE
ULLOA ST,38TH AVE,39TH AVE
ULLOA ST,39TH AVE,40TH AVE
ULLOA ST,40TH AVE,41ST AVE
ULLOA ST,41ST AVE,42ND AVE
ULLOA ST,42ND AVE,43RD AVE
ULLOA ST,43RD AVE,44TH AVE
ULLOA ST,44TH AVE,45TH AVE
ULLOA ST,45TH AVE,46TH AVE
ULLOA ST,46TH AVE,47TH AVE
ULLOA ST,47TH AVE,48TH AVE \ GREAT HWY
ULLOA ST,18TH AVE,Intersection
ULLOA ST,19TH AVE,Intersection
ULLOA ST,20TH AVE,Intersection
ULLOA ST,21ST AVE,Intersection
ULLOA ST,22ND AVE,Intersection
ULLOA ST,23RD AVE,Intersection
ULLOA ST,24TH AVE,Intersection
ULLOA ST,25TH AVE,Intersection
ULLOA ST,26TH AVE,Intersection
ULLOA ST,27TH AVE,Intersection
ULLOA ST,28TH AVE,Intersection
ULLOA ST,29TH AVE,Intersection
ULLOA ST,30TH AVE,Intersection
ULLOA ST,31ST AVE,Intersection
ULLOA ST,32ND AVE,Intersection
ULLOA ST,33RD AVE,Intersection
ULLOA ST,34TH AVE,Intersection
ULLOA ST,35TH AVE,Intersection
ULLOA ST,36TH AVE,Intersection
ULLOA ST,37TH AVE,Intersection
ULLOA ST,38TH AVE,Intersection
ULLOA ST,SUNSET BLVD,Intersection
ULLOA ST,39TH AVE,Intersection
ULLOA ST,40TH AVE,Intersection
ULLOA ST,41ST AVE,Intersection
ULLOA ST,42ND AVE,Intersection
ULLOA ST,43RD AVE,Intersection
ULLOA ST,44TH AVE,Intersection
ULLOA ST,45TH AVE,Intersection
ULLOA ST,46TH AVE,Intersection
ULLOA ST,47TH AVE,Intersection
VICENTE ST,FOREST SIDE AVE,14TH AVE
VICENTE ST,14TH AVE,15TH AVE
VICENTE ST,15TH AVE,16TH AVE
VICENTE ST,16TH AVE,17TH AVE
VICENTE ST,17TH AVE,18TH AVE
VICENTE ST,18TH AVE,19TH AVE
VICENTE ST,14TH AVE,Intersection
VICENTE ST,15TH AVE,Intersection
VICENTE ST,16TH AVE,Intersection
VICENTE ST,17TH AVE,Intersection
VICENTE ST,18TH AVE,Intersection
VICENTE ST,18TH AVE,Intersection
44TH AVE,TARAVAL ST,ULLOA ST
44TH AVE,ULLOA ST,VICENTE ST
44TH AVE,VICENTE ST,WAWONA ST
44TH AVE,WAWONA ST,SLOAT BLVD
45TH AVE,TARAVAL ST,ULLOA ST
45TH AVE,ULLOA ST,VICENTE ST
45TH AVE,VICENTE ST,WAWONA ST
45TH AVE,WAWONA ST,SLOAT BLVD
46TH AVE,TARAVAL ST,ULLOA ST
46TH AVE,ULLOA ST,VICENTE ST
46TH AVE,VICENTE ST,WAWONA ST
46TH AVE,WAWONA ST,SLOAT BLVD
47TH AVE,TARAVAL ST,ULLOA ST
47TH AVE,ULLOA ST,VICENTE ST
47TH AVE,VICENTE ST,CUTLER AVE
47TH AVE,CUTLER AVE,WAWONA ST
47TH AVE,WAWONA ST,SLOAT BLVD
CUTLER AVE,47TH AVE,Intersection
SLOAT BLVD,46TH AVE,Intersection
ULLOA ST,44TH AVE,Intersection
ULLOA ST,45TH AVE,Intersection
ULLOA ST,46TH AVE,Intersection
ULLOA ST,47TH AVE,Intersection
VICENTE ST,44TH AVE,Intersection
VICENTE ST,45TH AVE,Intersection
VICENTE ST,46TH AVE,Intersection
VICENTE ST,47TH AVE,Intersection
WAWONA ST,44TH AVE,Intersection
WAWONA ST,45TH AVE,Intersection
WAWONA ST,46TH AVE,Intersection
WAWONA ST,47TH AVE,Intersection
33RD AVE,CLEMENT ST,GEARY BLVD
33RD AVE,GEARY BLVD,ANZA ST
33RD AVE,ANZA ST,BALBOA ST
33RD AVE,BALBOA ST,CABRILLO ST
34TH AVE,CLEMENT ST \ LEGION OF HONOR DR,GEARY BLVD
34TH AVE,GEARY BLVD,ANZA ST
34TH AVE,ANZA ST,BALBOA ST
34TH AVE,BALBOA ST,CABRILLO ST
34TH AVE,CABRILLO ST,FULTON ST
35TH AVE,CLEMENT ST,GEARY BLVD
35TH AVE,GEARY BLVD,ANZA ST
35TH AVE,ANZA ST,BALBOA ST
35TH AVE,BALBOA ST,CABRILLO ST
35TH AVE,CABRILLO ST,FULTON ST
ANZA ST,33RD AVE,Intersection
ANZA ST,34TH AVE,Intersection
ANZA ST,35TH AVE,Intersection
BALBOA ST,33RD AVE,Intersection
BALBOA ST,34TH AVE,Intersection
BALBOA ST,35TH AVE,Intersection
CABRILLO ST,34TH AVE,Intersection
CABRILLO ST,35TH AVE,Intersection
GEARY BLVD,33RD AVE,Intersection
GEARY BLVD,34TH AVE,Intersection
GEARY BLVD,35TH AVE,Intersection
40TH AVE,TARAVAL ST,ULLOA ST
40TH AVE,ULLOA ST,VICENTE ST
40TH AVE,VICENTE ST,WAWONA ST
40TH AVE,WAWONA ST,YORBA ST
41ST AVE,TARAVAL ST,ULLOA ST
41ST AVE,ULLOA ST,VICENTE ST
42ND AVE,TARAVAL ST,ULLOA ST
42ND AVE,ULLOA ST,VICENTE ST
42ND AVE,VICENTE ST,WAWONA ST
42ND AVE,WAWONA ST,SLOAT BLVD
43RD AVE,TARAVAL ST,ULLOA ST
43RD AVE,ULLOA ST,VICENTE ST
43RD AVE,VICENTE ST,WAWONA ST
43RD AVE,WAWONA ST,SLOAT BLVD
ULLOA ST,40TH AVE,Intersection
ULLOA ST,41ST AVE,Intersection
ULLOA ST,42ND AVE,Intersection
ULLOA ST,43RD AVE,Intersection
VICENTE ST,42ND AVE,Intersection
VICENTE ST,40TH AVE,Intersection
VICENTE ST,43RD AVE,Intersection
WAWONA ST,40TH AVE,Intersection
WAWONA ST,42ND AVE,Intersection
WAWONA ST,43RD AVE,Intersection
37TH AVE,TARAVAL ST,ULLOA ST
37TH AVE,ULLOA ST,VICENTE ST
37TH AVE,VICENTE ST,WAWONA ST
37TH AVE,WAWONA ST,YORBA ST
37TH AVE,YORBA ST,SLOAT BLVD
38TH AVE,TARAVAL ST,ULLOA ST
38TH AVE,ULLOA ST,VICENTE ST
38TH AVE,VICENTE ST,WAWONA ST
38TH AVE,WAWONA ST,YORBA ST
39TH AVE,TARAVAL ST,ULLOA ST
39TH AVE,ULLOA ST,VICENTE ST
ULLOA ST,37TH AVE,Intersection
ULLOA ST,38TH AVE,Intersection
ULLOA ST,39TH AVE,Intersection
VICENTE ST,37TH AVE,Intersection
VICENTE ST,38TH AVE,Intersection
WAWONA ST,37TH AVE,Intersection
WAWONA ST,38TH AVE,Intersection
YORBA ST,37TH AVE,Intersection
34TH AVE,TARAVAL ST,ULLOA ST
34TH AVE,ULLOA ST,VICENTE ST
35TH AVE,TARAVAL ST,ULLOA ST
35TH AVE,ULLOA ST,VICENTE ST
35TH AVE,VICENTE ST,WAWONA ST
35TH AVE,WAWONA ST,YORBA ST
35TH AVE,YORBA ST,EASEMENT
35TH AVE,EASEMENT,SLOAT BLVD
36TH AVE,TARAVAL ST,ULLOA ST
36TH AVE,ULLOA ST,VICENTE ST
36TH AVE,VICENTE ST,WAWONA ST
36TH AVE,WAWONA ST,YORBA ST
EASEMENT,35TH AVE,Intersection
ULLOA ST,34TH AVE,Intersection
ULLOA ST,35TH AVE,Intersection
ULLOA ST,36TH AVE,Intersection
VICENTE ST,35TH AVE,Intersection
VICENTE ST,36TH AVE,Intersection
WAWONA ST,35TH AVE,Intersection
WAWONA ST,36TH AVE,Intersection
YORBA ST,35TH AVE,Intersection
30TH AVE,TARAVAL ST,ULLOA ST
30TH AVE,ULLOA ST,VICENTE ST
30TH AVE,VICENTE ST,ESCOLTA WAY
30TH AVE,ESCOLTA WAY,WAWONA ST
31ST AVE,TARAVAL ST,ULLOA ST
31ST AVE,ULLOA ST,VICENTE ST
31ST AVE,VICENTE ST,ESCOLTA WAY
32ND AVE,TARAVAL ST,ULLOA ST
32ND AVE,ULLOA ST,VICENTE ST
33RD AVE,TARAVAL ST,ULLOA ST
33RD AVE,ULLOA ST,VICENTE ST
33RD AVE,VICENTE ST,WAWONA ST
ESCOLTA WAY,30TH AVE,Intersection
ESCOLTA WAY,31ST AVE,Intersection
ESCOLTA WAY,30TH AVE,31ST AVE
ESCOLTA WAY,31ST AVE,WAWONA ST
ULLOA ST,30TH AVE,Intersection
ULLOA ST,31ST AVE,Intersection
ULLOA ST,32ND AVE,Intersection
ULLOA ST,33RD AVE,Intersection
VICENTE ST,30TH AVE,Intersection
VICENTE ST,31ST AVE,Intersection
VICENTE ST,33RD AVE,Intersection
WAWONA ST,28TH AVE,30TH AVE
WAWONA ST,28TH AVE,30TH AVE
WAWONA ST,30TH AVE,ESCOLTA WAY
WAWONA ST,ESCOLTA WAY,33RD AVE
WAWONA ST,30TH AVE,Intersection
WAWONA ST,ESCOLTA WAY,Intersection
WAWONA ST,33RD AVE,Intersection
36TH AVE,CLEMENT ST,UNNAMED 018
36TH AVE,UNNAMED 018,SHORE VIEW AVE
36TH AVE,SHORE VIEW AVE,UNNAMED 010
36TH AVE,UNNAMED 010,GEARY BLVD
36TH AVE,GEARY BLVD,ANZA ST
36TH AVE,ANZA ST,BALBOA ST
36TH AVE,BALBOA ST,CABRILLO ST
36TH AVE,CABRILLO ST,FULTON ST
37TH AVE,GEARY BLVD,ANZA ST
37TH AVE,ANZA ST,BALBOA ST
37TH AVE,BALBOA ST,CABRILLO ST
37TH AVE,CABRILLO ST,FULTON ST
38TH AVE,GEARY BLVD,ANZA ST
38TH AVE,ANZA ST,BALBOA ST
38TH AVE,BALBOA ST,CABRILLO ST
38TH AVE,CABRILLO ST,FULTON ST
39TH AVE,CLEMENT ST,GEARY BLVD
39TH AVE,GEARY BLVD,ANZA ST
39TH AVE,ANZA ST,BALBOA ST
39TH AVE,BALBOA ST,CABRILLO ST
39TH AVE,CABRILLO ST,FULTON ST
ANZA ST,36TH AVE,Intersection
ANZA ST,37TH AVE,Intersection
ANZA ST,38TH AVE,Intersection
ANZA ST,39TH AVE,Intersection
BALBOA ST,36TH AVE,Intersection
BALBOA ST,37TH AVE,Intersection
BALBOA ST,38TH AVE,Intersection
BALBOA ST,39TH AVE,Intersection
CABRILLO ST,36TH AVE,Intersection
CABRILLO ST,37TH AVE,Intersection
CABRILLO ST,38TH AVE,Intersection
CABRILLO ST,39TH AVE,Intersection
GEARY BLVD,36TH AVE,Intersection
GEARY BLVD,39TH AVE,Intersection
SHORE VIEW AVE,36TH AVE,Intersection
UNNAMED 010,36TH AVE,Intersection
UNNAMED 018,36TH AVE,Intersection
36TH AVE,CLEMENT ST,UNNAMED 018
36TH AVE,UNNAMED 018,SHORE VIEW AVE
36TH AVE,SHORE VIEW AVE,UNNAMED 010
36TH AVE,UNNAMED 010,GEARY BLVD
36TH AVE,GEARY BLVD,ANZA ST
36TH AVE,ANZA ST,BALBOA ST
36TH AVE,BALBOA ST,CABRILLO ST
36TH AVE,CABRILLO ST,FULTON ST
37TH AVE,GEARY BLVD,ANZA ST
37TH AVE,ANZA ST,BALBOA ST
37TH AVE,BALBOA ST,CABRILLO ST
37TH AVE,CABRILLO ST,FULTON ST
38TH AVE,GEARY BLVD,ANZA ST
38TH AVE,ANZA ST,BALBOA ST
38TH AVE,BALBOA ST,CABRILLO ST
38TH AVE,CABRILLO ST,FULTON ST
ANZA ST,36TH AVE,Intersection
ANZA ST,37TH AVE,Intersection
ANZA ST,38TH AVE,Intersection
BALBOA ST,36TH AVE,Intersection
BALBOA ST,37TH AVE,Intersection
BALBOA ST,38TH AVE,Intersection
CABRILLO ST,36TH AVE,Intersection
CABRILLO ST,37TH AVE,Intersection
CABRILLO ST,38TH AVE,Intersection
GEARY BLVD,36TH AVE,Intersection
SHORE VIEW AVE,36TH AVE,Intersection
UNNAMED 010,36TH AVE,Intersection
UNNAMED 018,36TH AVE,Intersection
15TH AVE,LINCOLN WAY,IRVING ST
15TH AVE,IRVING ST,JUDAH ST
15TH AVE,JUDAH ST,KIRKHAM ST
16TH AVE,LINCOLN WAY,IRVING ST
16TH AVE,IRVING ST,JUDAH ST
16TH AVE,JUDAH ST,KIRKHAM ST
17TH AVE,LINCOLN WAY,IRVING ST
17TH AVE,IRVING ST,JUDAH ST
17TH AVE,JUDAH ST,KIRKHAM ST
17TH AVE,KIRKHAM ST,LAWTON ST
18TH AVE,LINCOLN WAY,IRVING ST
18TH AVE,IRVING ST,JUDAH ST
18TH AVE,JUDAH ST,KIRKHAM ST
IRVING ST,15TH AVE,Intersection
IRVING ST,16TH AVE,Intersection
IRVING ST,17TH AVE,Intersection
IRVING ST,18TH AVE,Intersection
JUDAH ST,15TH AVE,Intersection
JUDAH ST,16TH AVE,Intersection
JUDAH ST,17TH AVE,Intersection
JUDAH ST,18TH AVE,Intersection
KIRKHAM ST,17TH AVE,Intersection
12TH AVE,LINCOLN WAY,IRVING ST
12TH AVE,IRVING ST,JUDAH ST
12TH AVE,JUDAH ST,KIRKHAM ST
12TH AVE,KIRKHAM ST,LAWTON ST
12TH AVE,LAWTON ST,MORAGA ST
12TH AVE,MORAGA ST,NORIEGA ST
14TH AVE,LINCOLN WAY,IRVING ST
14TH AVE,IRVING ST,JUDAH ST
14TH AVE,JUDAH ST,KIRKHAM ST \ LURLINE ST
FUNSTON AVE,ALOHA AVE,Intersection
FUNSTON AVE,LINCOLN WAY,IRVING ST
FUNSTON AVE,IRVING ST,JUDAH ST
FUNSTON AVE,JUDAH ST,KIRKHAM ST
FUNSTON AVE,KIRKHAM ST,LURLINE ST
FUNSTON AVE,LURLINE ST,LAWTON ST
FUNSTON AVE,LAWTON ST,ALOHA AVE
FUNSTON AVE,ALOHA AVE,MORAGA ST
FUNSTON AVE,MORAGA ST,NORIEGA ST
IRVING ST,12TH AVE,Intersection
IRVING ST,FUNSTON AVE,Intersection
IRVING ST,14TH AVE,Intersection
JUDAH ST,12TH AVE,Intersection
JUDAH ST,FUNSTON AVE,Intersection
JUDAH ST,14TH AVE,Intersection
KIRKHAM ST,12TH AVE,Intersection
KIRKHAM ST,FUNSTON AVE,Intersection
LAWTON ST,12TH AVE,Intersection
LAWTON ST,FUNSTON AVE,Intersection
LURLINE ST,FUNSTON AVE,Intersection
MORAGA ST,12TH AVE,Intersection
MORAGA ST,FUNSTON AVE,Intersection
10TH AVE,LINCOLN WAY,IRVING ST
10TH AVE,IRVING ST,JUDAH ST
10TH AVE,JUDAH ST,KIRKHAM ST
10TH AVE,KIRKHAM ST,LAWTON ST
10TH AVE,LAWTON ST,MORAGA ST
10TH AVE,MORAGA ST,NORIEGA ST
10TH AVE,NORIEGA ST,ORTEGA ST
11TH AVE,LINCOLN WAY,IRVING ST
11TH AVE,IRVING ST,JUDAH ST
11TH AVE,JUDAH ST,KIRKHAM ST
11TH AVE,KIRKHAM ST,LAWTON ST
11TH AVE,LAWTON ST,MORAGA ST
11TH AVE,MORAGA ST,NORIEGA ST
11TH AVE,NORIEGA ST,ORTEGA ST
11TH AVE,ORTEGA ST,PACHECO ST
IRVING ST,10TH AVE,Intersection
IRVING ST,11TH AVE,Intersection
JUDAH ST,10TH AVE,Intersection
JUDAH ST,11TH AVE,Intersection
KIRKHAM ST,10TH AVE,Intersection
KIRKHAM ST,11TH AVE,Intersection
LAWTON ST,10TH AVE,Intersection
MORAGA ST,10TH AVE,Intersection
MORAGA ST,11TH AVE,Intersection
NORIEGA ST,10TH AVE,Intersection
NORIEGA ST,11TH AVE,Intersection
ORTEGA ST,11TH AVE,Intersection
07TH AVE,LINCOLN WAY,HUGO ST
07TH AVE,HUGO ST,IRVING ST
07TH AVE,IRVING ST,JUDAH ST
07TH AVE,JUDAH ST,KIRKHAM ST
07TH AVE,KIRKHAM ST,LAWTON ST \ WARREN DR
08TH AVE,LINCOLN WAY,IRVING ST
08TH AVE,IRVING ST,JUDAH ST
08TH AVE,JUDAH ST,KIRKHAM ST
08TH AVE,KIRKHAM ST,LAWTON ST
HUGO ST,07TH AVE,Intersection
IRVING ST,07TH AVE,Intersection
IRVING ST,08TH AVE,Intersection
JUDAH ST,07TH AVE,Intersection
JUDAH ST,08TH AVE,Intersection
KIRKHAM ST,07TH AVE,Intersection
KIRKHAM ST,08TH AVE,Intersection
20TH AVE,TARAVAL ST,ULLOA ST
20TH AVE,ULLOA ST,VICENTE ST
20TH AVE,VICENTE ST,WAWONA ST
21ST AVE,TARAVAL ST,ULLOA ST
21ST AVE,ULLOA ST,VICENTE ST
21ST AVE,VICENTE ST,WAWONA ST
22ND AVE,TARAVAL ST,ULLOA ST
22ND AVE,ULLOA ST,VICENTE ST
22ND AVE,VICENTE ST,WAWONA ST
23RD AVE,TARAVAL ST,ULLOA ST
23RD AVE,ULLOA ST,VICENTE ST
23RD AVE,VICENTE ST,WAWONA ST
24TH AVE,TARAVAL ST,ULLOA ST
24TH AVE,ULLOA ST,VICENTE ST
24TH AVE,VICENTE ST,WAWONA ST
ULLOA ST,20TH AVE,Intersection
ULLOA ST,21ST AVE,Intersection
ULLOA ST,22ND AVE,Intersection
ULLOA ST,23RD AVE,Intersection
ULLOA ST,24TH AVE,Intersection
VICENTE ST,20TH AVE,Intersection
VICENTE ST,21ST AVE,Intersection
VICENTE ST,22ND AVE,Intersection
VICENTE ST,23RD AVE,Intersection
VICENTE ST,24TH AVE,Intersection
40TH AVE,CLEMENT ST,GEARY BLVD
40TH AVE,GEARY BLVD,ANZA ST
40TH AVE,ANZA ST,BALBOA ST
40TH AVE,BALBOA ST,CABRILLO ST
40TH AVE,CABRILLO ST,FULTON ST
41ST AVE,CLEMENT ST,GEARY BLVD
41ST AVE,GEARY BLVD,GEARY BLVD
41ST AVE,GEARY BLVD,ANZA ST
41ST AVE,ANZA ST,BALBOA ST
41ST AVE,BALBOA ST,CABRILLO ST
41ST AVE,CABRILLO ST,FULTON ST
ANZA ST,40TH AVE,Intersection
ANZA ST,41ST AVE,Intersection
BALBOA ST,40TH AVE,Intersection
BALBOA ST,41ST AVE,Intersection
CABRILLO ST,40TH AVE,Intersection
CABRILLO ST,41ST AVE,Intersection
GEARY BLVD,40TH AVE,Intersection
GEARY BLVD,41ST AVE,Intersection
GEARY BLVD,41ST AVE,Intersection
16TH AVE,PACHECO ST,QUINTARA ST
16TH AVE,QUINTARA ST,RIVERA ST
17TH AVE,PACHECO ST,QUINTARA ST
17TH AVE,QUINTARA ST,RIVERA ST
17TH AVE,RIVERA ST,SANTIAGO ST
17TH AVE,SANTIAGO ST,TARAVAL ST
17TH AVE,TARAVAL ST,ULLOA ST
17TH AVE,ULLOA ST,VICENTE ST
17TH AVE,VICENTE ST,WAWONA ST
18TH AVE,VICENTE ST,WAWONA ST
14TH AVE,RADIO TER,QUINTARA ST
14TH AVE,RADIO TER,MANDALAY LN
14TH AVE,MANDALAY LN,FANNING WAY
14TH AVE,FANNING WAY,QUINTARA ST
14TH AVE,QUINTARA ST,RIVERA ST
14TH AVE,RIVERA ST,SANTIAGO ST
14TH AVE,SANTIAGO ST,TARAVAL ST
14TH AVE,TARAVAL ST,ULLOA ST
14TH AVE,ULLOA ST,VICENTE ST
14TH AVE,VICENTE ST,WAWONA ST
14TH AVE,WAWONA ST,WEST PORTAL AVE
14TH AVE,WEST PORTAL AVE,PORTOLA DR \ SAN ANSELMO AVE \ SANTA ANA AVE
15TH AVE,SANTIAGO ST,TARAVAL ST
15TH AVE,TARAVAL ST,ULLOA ST
15TH AVE,ULLOA ST,VICENTE ST
15TH AVE,VICENTE ST,WAWONA ST
16TH AVE,CECILIA AVE,TARAVAL ST
16TH AVE,TARAVAL ST,ULLOA ST
16TH AVE,ULLOA ST,VICENTE ST
16TH AVE,VICENTE ST,WAWONA ST
RIVERA ST,14TH AVE,15TH AVE
RIVERA ST,15TH AVE,15TH AVE
RIVERA ST,15TH AVE,CECILIA AVE
RIVERA ST,CECILIA AVE,16TH AVE
RIVERA ST,16TH AVE,17TH AVE
RIVERA ST,17TH AVE,18TH AVE
45TH AVE,BALBOA ST,CABRILLO ST
16TH AVE,RIVERA ST,SANTIAGO ST
16TH AVE,SANTIAGO ST,CECILIA AVE
16TH AVE,CECILIA AVE,TARAVAL ST
CECILIA AVE,RIVERA ST,SANTIAGO ST
CECILIA AVE,SANTIAGO ST,16TH AVE
RIVERA ST,16TH AVE,Intersection
SANTIAGO ST,14TH AVE,15TH AVE
SANTIAGO ST,15TH AVE,CECILIA AVE
SANTIAGO ST,CECILIA AVE,16TH AVE
SANTIAGO ST,16TH AVE,17TH AVE
JOOST AVE,BROMPTON AVE,LIPPARD AVE
JOOST AVE,LIPPARD AVE,ACADIA ST
JOOST AVE,ACADIA ST,BADEN ST
JOOST AVE,BADEN ST,CONGO ST
JOOST AVE,CONGO ST,DETROIT ST
JOOST AVE,DETROIT ST,EDNA ST
JOOST AVE,EDNA ST,EDNA ST
JOOST AVE,EDNA ST,FOERSTER ST
JOOST AVE,FOERSTER ST,GENNESSEE ST
JOOST AVE,GENNESSEE ST,RIDGEWOOD AVE
DIAMOND ST,SUSSEX ST,PENNY LN
DIAMOND ST,PENNY LN,SURREY ST
LIPPARD AVE,SURREY ST,UNNAMED 024
LIPPARD AVE,UNNAMED 024,CHENERY ST
LIPPARD AVE,CHENERY ST,BOSWORTH ST
LIPPARD AVE,BOSWORTH ST,JOOST AVE
SURREY ST,LIPPARD AVE,OHLONE WAY
SURREY ST,OHLONE WAY,VAN BUREN ST
SUSSEX ST,DIAMOND ST,OHLONE WAY
SUSSEX ST,OHLONE WAY,VAN BUREN ST
VAN BUREN ST,SUSSEX ST,SURREY ST
26TH ST,SANCHEZ ST,NOE ST
30TH ST,HARPER ST,NOE ST
CHENERY ST,FAIRMOUNT ST,CHARLES ST
CHENERY ST,CHARLES ST,MIGUEL ST \ WHITNEY ST
CHENERY ST,MIGUEL ST \ WHITNEY ST,MATEO ST
CHENERY ST,MATEO ST,ROANOKE ST
CHENERY ST,ROANOKE ST,NATICK ST
CHENERY ST,NATICK ST,CASTRO ST
CHENERY ST,CASTRO ST,CARRIE ST \ UNNAMED 026
CHENERY ST,CARRIE ST \ UNNAMED 026,DIAMOND ST
FAIRMOUNT ST,CHENERY ST,WHITNEY ST
HARPER ST,30TH ST,RANDALL ST
NOE ST,26TH ST,CESAR CHAVEZ ST
NOE ST,CESAR CHAVEZ ST,27TH ST
NOE ST,27TH ST,DUNCAN ST
NOE ST,DUNCAN ST,28TH ST
NOE ST,28TH ST,VALLEY ST
NOE ST,VALLEY ST,29TH ST
NOE ST,29TH ST,DAY ST
NOE ST,DAY ST,30TH ST
RANDALL ST,WHITNEY ST,SANCHEZ ST
RANDALL ST,SANCHEZ ST,HARPER ST
WHITNEY ST,RANDALL ST,FAIRMOUNT ST
ALVARADO ST,SANCHEZ ST,NOE ST
ALVARADO ST,NOE ST,CASTRO ST
CASTRO ST,19TH ST,20TH ST
CASTRO ST,20TH ST,LIBERTY ST
CASTRO ST,LIBERTY ST,21ST ST
CASTRO ST,21ST ST,HILL ST
CASTRO ST,HILL ST,22ND ST
CASTRO ST,22ND ST,ALVARADO ST
SANCHEZ ST,ALVARADO ST,23RD ST
SANCHEZ ST,23RD ST,ELIZABETH ST
SANCHEZ ST,ELIZABETH ST,24TH ST
SANCHEZ ST,24TH ST,JERSEY ST
SANCHEZ ST,JERSEY ST,25TH ST
SANCHEZ ST,25TH ST,CLIPPER ST
SANCHEZ ST,CLIPPER ST,26TH ST
25TH ST,FOLSOM ST,HORACE ST
25TH ST,HORACE ST,SHOTWELL ST
25TH ST,SHOTWELL ST,VIRGIL ST
25TH ST,VIRGIL ST,SOUTH VAN NESS AVE
25TH ST,SOUTH VAN NESS AVE,CYPRESS ST
25TH ST,CYPRESS ST,CAPP ST
25TH ST,CAPP ST,LILAC ST
26TH ST,LILAC ST,MISSION ST
26TH ST,MISSION ST,OSAGE ALY
26TH ST,OSAGE ALY,BARTLETT ST
26TH ST,BARTLETT ST,ORANGE ALY
26TH ST,ORANGE ALY,VALENCIA ST
26TH ST,VALENCIA ST,POPLAR ST
26TH ST,POPLAR ST,SAN JOSE AVE
26TH ST,SAN JOSE AVE,GUERRERO ST
26TH ST,GUERRERO ST,FAIR OAKS ST
26TH ST,FAIR OAKS ST,DOLORES ST
26TH ST,DOLORES ST,CHURCH ST
26TH ST,CHURCH ST,SANCHEZ ST
26TH ST,SANCHEZ ST,NOE ST
LILAC ST,25TH ST,26TH ST
SHOTWELL ST,14TH ST,15TH ST
SHOTWELL ST,15TH ST,16TH ST
SHOTWELL ST,16TH ST,17TH ST
SHOTWELL ST,17TH ST,18TH ST
SHOTWELL ST,18TH ST,19TH ST
SHOTWELL ST,19TH ST,20TH ST
SHOTWELL ST,19TH ST,20TH ST
SHOTWELL ST,20TH ST,21ST ST
SHOTWELL ST,21ST ST,22ND ST
SHOTWELL ST,22ND ST,23RD ST
SHOTWELL ST,23RD ST,24TH ST
SHOTWELL ST,24TH ST,25TH ST
23RD ST,ARKANSAS ST,WISCONSIN ST
23RD ST,WISCONSIN ST,END
23RD ST,END,CAROLINA ST
23RD ST,CAROLINA ST,DE HARO ST
23RD ST,DE HARO ST,RHODE ISLAND ST
23RD ST,RHODE ISLAND ST,KANSAS ST
23RD ST,KANSAS ST,VERMONT ST
23RD ST,VERMONT ST,SAN BRUNO AVE
23RD ST,SAN BRUNO AVE,SFGH ACCESS
23RD ST,SFGH ACCESS,UTAH ST
23RD ST,UTAH ST,POTRERO AVE
23RD ST,POTRERO AVE,HAMPSHIRE ST
25TH ST,HAMPSHIRE ST,YORK ST
25TH ST,YORK ST,BRYANT ST
25TH ST,BRYANT ST,FLORIDA ST
25TH ST,FLORIDA ST,ALABAMA ST
25TH ST,ALABAMA ST,HARRISON ST
25TH ST,HARRISON ST,BALMY ST
25TH ST,BALMY ST,TREAT AVE
25TH ST,TREAT AVE,LUCKY ST
25TH ST,LUCKY ST,FOLSOM ST
25TH ST,FOLSOM ST,HORACE ST
25TH ST,HORACE ST,SHOTWELL ST
25TH ST,SHOTWELL ST,VIRGIL ST
25TH ST,VIRGIL ST,SOUTH VAN NESS AVE
HAMPSHIRE ST,23RD ST,24TH ST
HAMPSHIRE ST,24TH ST,25TH ST
14TH ST,HARRISON ST,TRAINOR ST
14TH ST,TRAINOR ST,FOLSOM ST
14TH ST,FOLSOM ST,SHOTWELL ST
14TH ST,SHOTWELL ST,SOUTH VAN NESS AVE
14TH ST,SOUTH VAN NESS AVE,NATOMA ST
14TH ST,NATOMA ST,MINNA ST
14TH ST,MINNA ST,MISSION ST
14TH ST,MISSION ST,WOODWARD ST
14TH ST,WOODWARD ST,JULIAN AVE
14TH ST,JULIAN AVE,STEVENSON ST
14TH ST,STEVENSON ST,VALENCIA ST
14TH ST,VALENCIA ST,GUERRERO ST
14TH ST,GUERRERO ST,RAMONA AVE
14TH ST,RAMONA AVE,ROSEMONT PL
14TH ST,ROSEMONT PL,DOLORES ST
WOODWARD ST,DUBOCE AVE,14TH ST
15TH ST,MISSION ST,WIESE ST
15TH ST,WIESE ST,JULIAN AVE
15TH ST,JULIAN AVE,CALEDONIA ST
15TH ST,CALEDONIA ST,VALENCIA ST
15TH ST,VALENCIA ST,ALBION ST
15TH ST,ALBION ST,GUERRERO ST
15TH ST,GUERRERO ST,RAMONA AVE
ALBION ST,15TH ST,16TH ST
CALEDONIA ST,END,15TH ST
CALEDONIA ST,15TH ST,SPARROW ST
CALEDONIA ST,SPARROW ST,16TH ST
JULIAN AVE,14TH ST,15TH ST
JULIAN AVE,15TH ST,16TH ST
RAMONA AVE,14TH ST,15TH ST
WIESE ST,15TH ST,16TH ST
15TH ST,HARRISON ST,FOLSOM ST
15TH ST,FOLSOM ST,SHOTWELL ST
15TH ST,FOLSOM ST,SHOTWELL ST
15TH ST,SHOTWELL ST,SOUTH VAN NESS AVE
15TH ST,SOUTH VAN NESS AVE,NATOMA ST
15TH ST,NATOMA ST,CAPP ST
15TH ST,CAPP ST,MINNA ST
15TH ST,MINNA ST,MISSION ST
15TH ST,MISSION ST,WIESE ST
MINNA ST,14TH ST,15TH ST
NATOMA ST,14TH ST,15TH ST
SHOTWELL ST,14TH ST,15TH ST
SHOTWELL ST,15TH ST,16TH ST
SHOTWELL ST,16TH ST,17TH ST
41ST AVE,KIRKHAM ST,LAWTON ST
41ST AVE,LAWTON ST,MORAGA ST
41ST AVE,SANTIAGO ST,TARAVAL ST
42ND AVE,IRVING ST,JUDAH ST
42ND AVE,KIRKHAM ST,LAWTON ST
42ND AVE,LAWTON ST,MORAGA ST
43RD AVE,KIRKHAM ST,LAWTON ST
43RD AVE,LAWTON ST,MORAGA ST
43RD AVE,MORAGA ST,NORIEGA ST
44TH AVE,JUDAH ST,KIRKHAM ST
44TH AVE,KIRKHAM ST,LAWTON ST
44TH AVE,LAWTON ST,MORAGA ST
47TH AVE,IRVING ST,JUDAH ST
47TH AVE,JUDAH ST,KIRKHAM ST
47TH AVE,PACHECO ST,QUINTARA ST
47TH AVE,RIVERA ST,SANTIAGO ST
16TH ST,BRYANT ST,FLORIDA ST
16TH ST,FLORIDA ST,ALABAMA ST
16TH ST,ALABAMA ST,HARRISON ST \ TREAT AVE
16TH ST,HARRISON ST \ TREAT AVE,FOLSOM ST
16TH ST,FOLSOM ST,SHOTWELL ST
16TH ST,SHOTWELL ST,SOUTH VAN NESS AVE
16TH ST,SOUTH VAN NESS AVE,CAPP ST
16TH ST,CAPP ST,CAPP ST
16TH ST,CAPP ST,MISSION ST
16TH ST,MISSION ST,WIESE ST
16TH ST,WIESE ST,HOFF ST
16TH ST,HOFF ST,JULIAN AVE
16TH ST,JULIAN AVE,RONDEL PL
16TH ST,RONDEL PL,CALEDONIA ST
16TH ST,CALEDONIA ST,VALENCIA ST
16TH ST,VALENCIA ST,ALBION ST
16TH ST,ALBION ST,ALBION ST
16TH ST,ALBION ST,GUERRERO ST
16TH ST,GUERRERO ST,SPENCER ST
SOUTH VAN NESS AVE,14TH ST,15TH ST
SOUTH VAN NESS AVE,15TH ST,ADAIR ST
SOUTH VAN NESS AVE,ADAIR ST,16TH ST
SOUTH VAN NESS AVE,16TH ST,17TH ST
SOUTH VAN NESS AVE,17TH ST,18TH ST
SOUTH VAN NESS AVE,18TH ST,19TH ST
SOUTH VAN NESS AVE,19TH ST,20TH ST
SOUTH VAN NESS AVE,20TH ST,21ST ST
SOUTH VAN NESS AVE,21ST ST,22ND ST
SOUTH VAN NESS AVE,22ND ST,23RD ST
SOUTH VAN NESS AVE,23RD ST,24TH ST
SOUTH VAN NESS AVE,24TH ST,25TH ST
SOUTH VAN NESS AVE,25TH ST,26TH ST
BRYANT ST,DIVISION ST,ALAMEDA ST
BRYANT ST,ALAMEDA ST,15TH ST
BRYANT ST,15TH ST,16TH ST
BRYANT ST,16TH ST,17TH ST
BRYANT ST,17TH ST,MARIPOSA ST
BRYANT ST,MARIPOSA ST,18TH ST
BRYANT ST,18TH ST,19TH ST
BRYANT ST,19TH ST,20TH ST
BRYANT ST,20TH ST,END
BRYANT ST,END,21ST ST
BRYANT ST,21ST ST,22ND ST
BRYANT ST,22ND ST,23RD ST
BRYANT ST,23RD ST,24TH ST
BRYANT ST,24TH ST,25TH ST
BRYANT ST,25TH ST,26TH ST
BRYANT ST,26TH ST,CESAR CHAVEZ ST
19TH ST,POTRERO AVE,HAMPSHIRE ST
19TH ST,HAMPSHIRE ST,YORK ST
19TH ST,YORK ST,BRYANT ST
19TH ST,BRYANT ST,FLORIDA ST
19TH ST,FLORIDA ST,ALABAMA ST
19TH ST,ALABAMA ST,ALABAMA ST
19TH ST,ALABAMA ST,HARRISON ST
19TH ST,HARRISON ST,TREAT AVE
19TH ST,TREAT AVE,FOLSOM ST
19TH ST,FOLSOM ST,SHOTWELL ST
19TH ST,SHOTWELL ST,SOUTH VAN NESS AVE
19TH ST,SOUTH VAN NESS AVE,CAPP ST
19TH ST,CAPP ST,MISSION ST
19TH ST,MISSION ST,SAN CARLOS ST
19TH ST,SAN CARLOS ST,LEXINGTON ST
19TH ST,LEXINGTON ST,VALENCIA ST
19TH ST,VALENCIA ST,LAPIDGE ST
19TH ST,LAPIDGE ST,LINDA ST
19TH ST,LINDA ST,GUERRERO ST
19TH ST,GUERRERO ST,OAKWOOD ST
19TH ST,OAKWOOD ST,DOLORES ST
15TH ST,MISSION ST,WIESE ST
15TH ST,WIESE ST,JULIAN AVE
15TH ST,JULIAN AVE,CALEDONIA ST
15TH ST,CALEDONIA ST,VALENCIA ST
15TH ST,VALENCIA ST,ALBION ST
15TH ST,ALBION ST,GUERRERO ST
15TH ST,GUERRERO ST,RAMONA AVE
ALBION ST,15TH ST,16TH ST
CALEDONIA ST,END,15TH ST
CALEDONIA ST,15TH ST,SPARROW ST
CALEDONIA ST,SPARROW ST,16TH ST
JULIAN AVE,14TH ST,15TH ST
JULIAN AVE,15TH ST,16TH ST
RAMONA AVE,14TH ST,15TH ST
WIESE ST,15TH ST,16TH ST
15TH ST,HARRISON ST,FOLSOM ST
15TH ST,FOLSOM ST,SHOTWELL ST
15TH ST,SHOTWELL ST,SOUTH VAN NESS AVE
15TH ST,SOUTH VAN NESS AVE,NATOMA ST
15TH ST,NATOMA ST,CAPP ST
15TH ST,CAPP ST,MINNA ST
15TH ST,MINNA ST,MISSION ST
15TH ST,MISSION ST,WIESE ST
MINNA ST,14TH ST,15TH ST
BARTLETT ST,24TH ST,25TH ST
BARTLETT ST,25TH ST,26TH ST
BARTLETT ST,26TH ST,CESAR CHAVEZ ST
FAIR OAKS ST,25TH ST,26TH ST
ORANGE ALY,25TH ST,26TH ST
OSAGE ALY,25TH ST,26TH ST
SAN JOSE AVE,24TH ST,25TH ST
SAN JOSE AVE,25TH ST,JURI ST
SAN JOSE AVE,JURI ST,26TH ST
25TH ST,HAMPSHIRE ST,YORK ST
25TH ST,YORK ST,BRYANT ST
25TH ST,BRYANT ST,FLORIDA ST
25TH ST,FLORIDA ST,ALABAMA ST
25TH ST,ALABAMA ST,HARRISON ST
25TH ST,HARRISON ST,BALMY ST
25TH ST,BALMY ST,TREAT AVE
25TH ST,TREAT AVE,LUCKY ST
25TH ST,LUCKY ST,FOLSOM ST
25TH ST,FOLSOM ST,HORACE ST
25TH ST,FOLSOM ST,HORACE ST
25TH ST,HORACE ST,SHOTWELL ST
25TH ST,SHOTWELL ST,VIRGIL ST
25TH ST,VIRGIL ST,SOUTH VAN NESS AVE
25TH ST,SOUTH VAN NESS AVE,CYPRESS ST
25TH ST,CYPRESS ST,CAPP ST
25TH ST,CAPP ST,LILAC ST
25TH ST,LILAC ST,MISSION ST
25TH ST,MISSION ST,OSAGE ALY
25TH ST,OSAGE ALY,BARTLETT ST
25TH ST,BARTLETT ST,ORANGE ALY
25TH ST,ORANGE ALY,VALENCIA ST
25TH ST,VALENCIA ST,POPLAR ST
25TH ST,POPLAR ST,SAN JOSE AVE
25TH ST,SAN JOSE AVE,GUERRERO ST
26TH ST,HAMPSHIRE ST,YORK ST
26TH ST,YORK ST,BRYANT ST
26TH ST,BRYANT ST,FLORIDA ST
26TH ST,FLORIDA ST,ALABAMA ST
26TH ST,ALABAMA ST,HARRISON ST
26TH ST,HARRISON ST,TREAT AVE \ TREAT WAY
26TH ST,TREAT AVE \ TREAT WAY,LUCKY ST
26TH ST,LUCKY ST,FOLSOM ST
26TH ST,FOLSOM ST,HORACE ST
26TH ST,HORACE ST,SHOTWELL ST
26TH ST,SHOTWELL ST,VIRGIL ST
26TH ST,VIRGIL ST,SOUTH VAN NESS AVE
26TH ST,SOUTH VAN NESS AVE,CYPRESS ST
26TH ST,CYPRESS ST,CAPP ST
26TH ST,CAPP ST,LILAC ST
26TH ST,LILAC ST,MISSION ST
26TH ST,MISSION ST,OSAGE ALY
26TH ST,OSAGE ALY,BARTLETT ST
26TH ST,BARTLETT ST,ORANGE ALY
26TH ST,ORANGE ALY,VALENCIA ST
26TH ST,VALENCIA ST,POPLAR ST
26TH ST,POPLAR ST,SAN JOSE AVE
26TH ST,SAN JOSE AVE,GUERRERO ST
26TH ST,GUERRERO ST,FAIR OAKS ST
26TH ST,FAIR OAKS ST,DOLORES ST
CAPP ST,26TH ST,CESAR CHAVEZ ST \ MISSION ST
CYPRESS ST,24TH ST,25TH ST
CYPRESS ST,25TH ST,26TH ST
HORACE ST,25TH ST,26TH ST
SHOTWELL ST,20TH ST,21ST ST
SHOTWELL ST,21ST ST,22ND ST
SHOTWELL ST,22ND ST,23RD ST
SHOTWELL ST,23RD ST,24TH ST
SHOTWELL ST,24TH ST,25TH ST
SHOTWELL ST,25TH ST,26TH ST
SHOTWELL ST,26TH ST,CESAR CHAVEZ ST
VIRGIL ST,25TH ST,26TH ST
LUCKY ST,24TH ST,25TH ST
LUCKY ST,25TH ST,26TH ST
TREAT AVE,20TH ST,21ST ST
TREAT AVE,21ST ST,22ND ST
TREAT AVE,22ND ST,23RD ST
TREAT AVE,23RD ST,24TH ST
TREAT AVE,24TH ST,25TH ST
TREAT AVE,25TH ST,26TH ST \ TREAT WAY
ALABAMA ST,19TH ST,20TH ST
ALABAMA ST,20TH ST,21ST ST
ALABAMA ST,21ST ST,22ND ST
HARRISON ST,18TH ST,19TH ST
HARRISON ST,19TH ST,19TH ST
HARRISON ST,19TH ST,MISTRAL ST
HARRISON ST,MISTRAL ST,20TH ST
HARRISON ST,20TH ST,21ST ST
HARRISON ST,21ST ST,22ND ST
HARRISON ST,22ND ST,23RD ST
HARRISON ST,22ND ST,23RD ST
HARRISON ST,23RD ST,24TH ST
HARRISON ST,24TH ST,25TH ST
HARRISON ST,25TH ST,26TH ST
HARRISON ST,26TH ST,KAMILLE CT
HARRISON ST,KAMILLE CT,CESAR CHAVEZ ST
HARRISON ST,CESAR CHAVEZ ST,PRECITA AVE
HARRISON ST,PRECITA AVE,NORWICH ST
HARRISON ST,NORWICH ST,END
MISTRAL ST,HARRISON ST,TREAT AVE
NORWICH ST,ALABAMA ST,HARRISON ST
NORWICH ST,HARRISON ST,END
TREAT AVE,19TH ST,MISTRAL ST
HAMPSHIRE ST,17TH ST,MARIPOSA ST
HAMPSHIRE ST,MARIPOSA ST,18TH ST
HAMPSHIRE ST,18TH ST,19TH ST
HAMPSHIRE ST,19TH ST,20TH ST
HAMPSHIRE ST,20TH ST,21ST ST
HAMPSHIRE ST,21ST ST,22ND ST
HAMPSHIRE ST,22ND ST,23RD ST
HAMPSHIRE ST,23RD ST,24TH ST
HAMPSHIRE ST,24TH ST,25TH ST
HAMPSHIRE ST,25TH ST,26TH ST
HAMPSHIRE ST,25TH ST,26TH ST
HAMPSHIRE ST,26TH ST,CESAR CHAVEZ ON RAMP
ALABAMA ST,22ND ST,23RD ST
ALABAMA ST,23RD ST,24TH ST
ALABAMA ST,24TH ST,25TH ST
ALABAMA ST,25TH ST,26TH ST
ALABAMA ST,26TH ST,CESAR CHAVEZ ST
ALABAMA ST,CESAR CHAVEZ ST,PRECITA AVE
ALABAMA ST,PRECITA AVE,PRECITA AVE
ALABAMA ST,PRECITA AVE,MULLEN AVE
ALABAMA ST,MULLEN AVE,MONTCALM ST
ALABAMA ST,MONTCALM ST,NORWICH ST
ALABAMA ST,NORWICH ST,RUTLEDGE ST
ALABAMA ST,RUTLEDGE ST,RIPLEY ST
ALABAMA ST,RIPLEY ST,ESMERALDA AVE \ WALTHAM ST
FLORIDA ST,20TH ST,21ST ST
FLORIDA ST,21ST ST,22ND ST
FLORIDA ST,22ND ST,23RD ST
FLORIDA ST,23RD ST,24TH ST
FLORIDA ST,24TH ST,25TH ST
FLORIDA ST,25TH ST,26TH ST
FLORIDA ST,26TH ST,CESAR CHAVEZ ST
FLORIDA ST,CESAR CHAVEZ ST,PRECITA AVE
FLORIDA ST,PRECITA AVE,PERALTA AVE
HOLLADAY AVE,PERALTA AVE,WRIGHT ST
HOLLADAY AVE,WRIGHT ST,YORK ST
HOLLADAY AVE,YORK ST,RUTLEDGE ST
HOLLADAY AVE,RUTLEDGE ST,COSTA ST
MULLEN AVE,ALABAMA ST,PERALTA AVE
PERALTA AVE,HOLLADAY AVE,MONTCALM ST
PERALTA AVE,HOLLADAY AVE,MONTCALM ST
PERALTA AVE,MONTCALM ST,YORK ST
PERALTA AVE,YORK ST,YORK ST
PERALTA AVE,MONTCALM ST,HAMPSHIRE ST
PERALTA AVE,HAMPSHIRE ST,YORK ST
PERALTA AVE,YORK ST,FRANCONIA ST
PERALTA AVE,FRANCONIA ST,FLORIDA ST
PERALTA AVE,FLORIDA ST,MULLEN AVE
PERALTA AVE,MULLEN AVE,UNNAMED 186
PERALTA AVE,UNNAMED 186,MONTCALM ST
BREWSTER ST,MONTCALM ST \ MULLEN AVE,MACEDONIA ST
BREWSTER ST,MACEDONIA ST,RUTLEDGE ST
HAMPSHIRE ST,CESAR CHAVEZ ON RAMP \ CESAR CHAVEZ ST,PERALTA AVE
MONTCALM ST,YORK ST,BREWSTER ST \ MULLEN AVE
MONTCALM ST,BREWSTER ST \ MULLEN AVE,MACEDONIA ST
MONTCALM ST,MACEDONIA ST,FRANCONIA ST
MONTCALM ST,FRANCONIA ST,PERALTA AVE
MONTCALM ST,PERALTA AVE,ALABAMA ST
MULLEN AVE,BREWSTER ST \ MONTCALM ST,MARTIN AVE
RIPLEY ST,FOLSOM ST,HARRISON ST
RIPLEY ST,HARRISON ST,ALABAMA ST
RIPLEY ST,ALABAMA ST,PERALTA AVE \ SAMOSET ST
RUTLEDGE ST,FRANCONIA ST,MASSASOIT ST
RUTLEDGE ST,MASSASOIT ST,PERALTA AVE
RUTLEDGE ST,PERALTA AVE,ALABAMA ST
SAMOSET ST,FRANCONIA ST,PERALTA AVE \ RIPLEY ST
YORK ST,PERALTA AVE,MONTCALM ST
26TH ST,CAPP ST,LILAC ST
CAPP ST,25TH ST,26TH ST
NOE ST,22ND ST,ALVARADO ST
NOE ST,ALVARADO ST,23RD ST
NOE ST,23RD ST,ELIZABETH ST
NOE ST,ELIZABETH ST,24TH ST
NOE ST,24TH ST,JERSEY ST
NOE ST,JERSEY ST,25TH ST
NOE ST,25TH ST,CLIPPER ST
NOE ST,CLIPPER ST,26TH ST
NOE ST,26TH ST,CESAR CHAVEZ ST
NOE ST,CESAR CHAVEZ ST,27TH ST
NOE ST,27TH ST,DUNCAN ST
NOE ST,DUNCAN ST,28TH ST
NOE ST,28TH ST,VALLEY ST
NOE ST,VALLEY ST,29TH ST
NOE ST,29TH ST,DAY ST
NOE ST,DAY ST,30TH ST
NOE ST,30TH ST,HARRY ST \ LAIDLEY ST
24TH ST,CHURCH ST,VICKSBURG ST
24TH ST,VICKSBURG ST,SANCHEZ ST
24TH ST,SANCHEZ ST,NOE ST
24TH ST,NOE ST,CASTRO ST
24TH ST,CASTRO ST,DIAMOND ST
24TH ST,DIAMOND ST,DOUGLASS ST
24TH ST,DOUGLASS ST,HOMESTEAD ST
24TH ST,HOMESTEAD ST,HOFFMAN AVE
24TH ST,HOFFMAN AVE,FOUNTAIN ST
24TH ST,FOUNTAIN ST,GRAND VIEW AVE
ELIZABETH ST,NELLIE ST,VICKSBURG ST
ELIZABETH ST,VICKSBURG ST,BLANCHE ST
ELIZABETH ST,BLANCHE ST,SANCHEZ ST
ELIZABETH ST,SANCHEZ ST,NOE ST
ELIZABETH ST,NOE ST,CASTRO ST
ELIZABETH ST,CASTRO ST,DIAMOND ST
ELIZABETH ST,DIAMOND ST,DOUGLASS ST
ELIZABETH ST,DOUGLASS ST,HOFFMAN AVE
ELIZABETH ST,HOFFMAN AVE,GRAND VIEW AVE
27TH ST,DOLORES ST,CHURCH ST
27TH ST,CHURCH ST,SANCHEZ ST
27TH ST,SANCHEZ ST,NOE ST
27TH ST,NOE ST,END
27TH ST,END,CASTRO ST \ NEWBURG ST
27TH ST,END,CASTRO ST \ NEWBURG ST
27TH ST,CASTRO ST \ NEWBURG ST,KRONQUIST CT
27TH ST,KRONQUIST CT,DIAMOND ST
27TH ST,DIAMOND ST,DOUGLASS ST
DUNCAN ST,DOLORES ST,CHURCH ST
DUNCAN ST,CHURCH ST,SANCHEZ ST
DUNCAN ST,SANCHEZ ST,END
26TH ST,MISSION ST,OSAGE ALY
26TH ST,ORANGE ALY,VALENCIA ST
